"","facebook_S_alphas","facebook_S_gammas","facebook_S_thetas","newsletter_alphas","newsletter_gammas","newsletter_thetas","ooh_S_alphas","ooh_S_gammas","ooh_S_thetas","print_S_alphas","print_S_gammas","print_S_thetas","search_S_alphas","search_S_gammas","search_S_thetas","tv_S_alphas","tv_S_gammas","tv_S_thetas","train_size","rsq_train","rsq_val","rsq_test","nrmse_train","nrmse_val","nrmse_test","nrmse","decomp.rssd","mape","lambda","lambda_hp","lambda_max","lambda_min_ratio","pos","Elapsed","ElapsedAccum","solID","trial","iterNG","iterPar","df.int","iterations","coef0","mape.qt10","robynPareto","error_score","cluster","top_sol"
"1",7.7761521,0.4368925,0.6729939,6.4756485,0.4816099,0.3787038,0.62164235,0.306307,0.2397942,3.4810922,0.9962425,0.7547463,7.8350078,0.574813,0.7027713,4.6148721,0.3479788,0.6765759,0.7527338,0.878202348462105,0.937511194705203,0.962114094672783,0.0779939743811884,0.331995288168655,0.317665742451741,0.331995288168655,0.00829527564600469,0,178867.282799294,0.00263185,65481090.2648517,1e-04,0,0.268324613571167,233.588674783707,"1_138_7",1,138,7,1,2199,FALSE,TRUE,3,34.7950758425459,2,TRUE
"2",7.7761521,0.4305079,0.6899598,6.3336846,0.4687561,0.4890429,0.95224353,0.321868,0.4147812,3.6312352,0.9876718,0.7625538,7.8350078,0.574813,0.7027713,4.6148721,0.3479788,0.6765759,0.7527338,0.878217197241767,0.938305203646911,0.962676454617607,0.0779892199765445,0.329879309436257,0.315299290145063,0.329879309436257,0.00939063886906176,0,178867.282799294,0.00263185,65481090.2648517,1e-04,0,0.250699520111084,239.081586360931,"1_142_3",1,142,3,1,2259,FALSE,TRUE,3,35.2187891532666,2,FALSE
"3",6.8289073,0.413659,0.5970843,8.9182001,0.3472831,0.6688908,1.1324267,0.3329911,0.5016006,3.8323841,0.9537652,0.8010882,7.6278158,0.5828941,0.7158033,4.2764763,0.3487888,0.6701328,0.7388171,0.881126296156253,0.947118080065275,0.959524195953585,0.0770600998974641,0.311723443618649,0.346630424293275,0.311723443618649,0.0149118914962337,0,130183.032233908,0.00188829,65481090.2648517,1e-04,0,0.333235263824463,241.024435520172,"1_143_10",1,143,10,1,2282,FALSE,TRUE,3,39.2490096265319,2,FALSE
"4",7.7761521,0.4368925,0.6729939,7.062381,0.4560436,0.3680442,0.61632638,0.3073996,0.2386809,3.3286619,0.9982657,0.7567821,8.3430643,0.5496229,0.7027713,4.6148721,0.3479788,0.6765759,0.7527338,0.878355955679931,0.937895362453952,0.962753543104273,0.0779447771389656,0.330973196997637,0.314973510422123,0.330973196997637,0.00676665891248751,0,178867.282799294,0.00263185,65481090.2648517,1e-04,0,0.524301290512085,245.24285030365,"1_145_15",1,145,15,1,2319,FALSE,TRUE,1,35.0189770412262,2,FALSE
"5",3.7019635,0.4643479,0.5692707,6.6237712,0.4068883,0.5686947,0.9900534,0.3241009,0.4217481,3.7704134,0.9592624,0.7975962,7.1914399,0.6373603,0.7429455,4.2606699,0.3569707,0.6640695,0.7391252,0.883053732389148,0.943003159933044,0.963774110400991,0.076432814718062,0.323624392005442,0.327927974106814,0.323624392005442,0.0128668302138233,0,119953.944512904,0.00173206,65481090.2648517,1e-04,0,0.326782464981079,248.018429279327,"1_147_11",1,147,11,1,2347,FALSE,TRUE,3,36.4789374685512,2,FALSE
"6",7.7761521,0.4368925,0.6729939,7.062381,0.4560436,0.3680442,0.61632638,0.3127096,0.2386809,3.3286619,0.9982657,0.7567821,8.3430643,0.5496229,0.7027713,4.6148721,0.3479788,0.6765759,0.7527338,0.878350639377736,0.937865912787485,0.962745647110855,0.0779464803602977,0.331051660502306,0.31500689476493,0.331051660502306,0.00600583312912141,0,178867.282799294,0.00263185,65481090.2648517,1e-04,0,0.356842756271362,248.231389760971,"1_147_13",1,147,13,1,2349,FALSE,TRUE,1,35.0041806606641,2,FALSE
"7",6.8289073,0.413659,0.6366276,8.1361927,0.3386044,0.6746598,1.1082721,0.3311812,0.5329836,3.883301,0.9361207,0.8617284,7.4214159,0.5899285,0.7508484,4.8912527,0.3372319,0.675531,0.7629548,0.892167297381804,0.977219471470635,0.981238013194603,0.0733321055922112,0.197875303692769,0.214368708712908,0.197875303692769,0.101890354733391,0,7799.2031254529,1.91081e-05,65481090.2648517,1e-04,0,0.249066352844238,253.662496805191,"1_151_2",1,151,2,1,2402,FALSE,TRUE,2,29.1200555703303,3,TRUE
"8",6.0717398,0.3891115,0.5567877,7.9629186,0.2672524,0.724383,1.1773361,0.3354661,0.5702544,3.6076057,0.92386,0.8892117,7.871213,0.5864032,0.7583337,5.6149473,0.3068965,0.675531,0.7629548,0.891607819189404,0.981031530155628,0.980707070111015,0.0735220972809264,0.180561787601098,0.217380744510947,0.180561787601098,0.147539643286749,0,7799.2031254529,1.91081e-05,65481090.2648517,1e-04,0,0.4407799243927,259.147431612015,"1_154_14",1,154,14,1,2462,FALSE,TRUE,1,19.9937631673654,2,FALSE
"9",2.8753938,0.2953927,0.4335228,7.4378097,0.3217447,0.4639437,0.80693412,0.2616796,0.4647501,5.8769366,0.13074445,0.291123,8.5301957,0.3881215,0.5232177,3.8854815,0.5349061,0.7506531,0.6194279,0.870510496425314,0.955138928533671,0.945636976517448,0.0808940297372372,0.334507269143705,0.43487696038556,0.334507269143705,0.00726153039813258,0,78899.4423449368,0.00110503,65481090.2648517,1e-04,0,0.322327613830566,178.254973649979,"2_108_5",2,108,5,1,1717,FALSE,TRUE,2,34.2952820441356,2,FALSE
"10",3.7057905,0.2743921,0.2935818,4.5796192,0.3109285,0.5018562,0.87444329,0.2421748,0.4441365,6.7188944,0.5052151,0.3208068,6.4487705,0.3810124,0.5457933,3.7445322,0.6439456,0.7598466,0.6218036,0.873372311542449,0.958259276966558,0.944208451807734,0.0799951260219622,0.322664155446762,0.440553650990963,0.322664155446762,0.013390030331919,0,65942.5542486362,0.000907138,65481090.2648517,1e-04,0,0.334042310714722,186.589619398117,"2_113_11",2,113,11,1,1803,FALSE,TRUE,3,36.6735946960963,3,FALSE
"11",2.4750807,0.3643777,0.3581865,6.4937778,0.3280762,0.4522977,0.88264019,0.2596438,0.4675725,6.7404502,0.5281453,0.3327102,6.5975963,0.3757654,0.5513805,3.5201454,0.6661432,0.7569873,0.6204122,0.872352376586204,0.957988718479729,0.947050497175151,0.0803166441331,0.323708201999181,0.429185994658703,0.323708201999181,0.010383880435976,0,77316.9226610305,0.00108086,65481090.2648517,1e-04,0,0.271389961242676,197.23366522789,"2_120_3",2,120,3,1,1907,FALSE,TRUE,2,36.5445125180381,3,FALSE
"12",2.5306256,0.398143,0.4462911,6.7303665,0.3127447,0.5197851,0.81592134,0.2865151,0.4363956,5.9281828,0.5082265,0.3288996,7.046539,0.3736126,0.5579595,3.5026836,0.6708961,0.7552755,0.6237125,0.871849529333795,0.957636704252415,0.944644171351013,0.0804746858826137,0.325061555022693,0.438829966136514,0.325061555022693,0.0119494451140606,0,80208.9331880533,0.00112503,65481090.2648517,1e-04,0,0.4347984790802,201.705547809601,"2_122_14",2,122,14,1,1950,FALSE,TRUE,3,36.192692231833,3,FALSE
"13",2.8753938,0.2953927,0.4335228,7.4378097,0.3217447,0.4831326,0.8216654,0.2835586,0.4580145,5.9231365,0.13074445,0.291123,8.5301957,0.3881215,0.5232177,3.8854815,0.5349061,0.7506531,0.6194279,0.870543452299453,0.955448736668751,0.94514058074972,0.0808837350684232,0.333350223497882,0.43685790735326,0.333350223497882,0.00733150213270176,0,78899.4423449368,0.00110503,65481090.2648517,1e-04,0,0.25581955909729,208.486834287643,"2_127_1",2,127,1,1,2017,FALSE,TRUE,2,34.5275912166392,3,FALSE
"14",2.8753938,0.2953927,0.4447665,7.4378097,0.3217447,0.4639437,0.80693412,0.2616796,0.4647501,5.8769366,0.13074445,0.291123,8.5301957,0.3881215,0.5232177,3.8854815,0.5349061,0.7506531,0.6194279,0.870468843563566,0.95491891775538,0.945792294192174,0.080907039274008,0.335326522787627,0.434255284224727,0.335326522787627,0.00752139451852696,0,78899.4423449368,0.00110503,65481090.2648517,1e-04,0,0.294208765029907,224.213479995728,"2_136_7",2,136,7,1,2167,FALSE,TRUE,3,34.1305736132812,2,FALSE
"15",3.8322951,0.2943361,0.3010653,5.2076744,0.3108916,0.4933746,0.87099454,0.2515114,0.4394646,6.8698473,0.5324068,0.3917007,8.9939925,0.3945727,0.5544576,3.8311826,0.6248278,0.7591275,0.6221648,0.872988937584023,0.959883458227373,0.945831121839078,0.080116129852806,0.316324246841233,0.434099733173707,0.316324246841233,0.0134864273527084,0,65715.0956891869,0.000903664,65481090.2648517,1e-04,0,0.272022724151611,224.415864944458,"2_136_10",2,136,10,1,2170,FALSE,TRUE,3,38.1695695552696,3,FALSE
"16",2.1713148,0.9079975,0.8730864,8.1757087,0.3158758,0.6747804,6.8782044,0.12411784,0.6335109,5.1069887,0.7216228,0.8291898,4.2787369,0.3695374,0.5304087,2.9177934,0.4244599,0.5716008,0.758942,0.890931500335372,0.959611939330429,0.977371737535116,0.07377422564557,0.261359464088681,0.245569335133132,0.261359464088681,0.0150172856595022,0,47845.3253222239,0.000630737,65481090.2648517,1e-04,0,0.292491674423218,140.047476291656,"3_81_4",3,81,4,1,1284,FALSE,TRUE,2,58.7341932358335,2,FALSE
"17",6.5783812,0.12395341,0.5665032,8.9512369,0.3743308,0.6672087,0.900377,0.2321731,0.6315399,5.6554245,0.63172,0.8878986,2.882229,0.2489266,0.8676639,6.4502746,0.2580877,0.5834322,0.7641515,0.894571223343812,0.984317878939951,0.979666180385797,0.0725100982636075,0.16417691757796,0.223167763986528,0.16417691757796,0.372649573288809,0,10446.5483833478,5.95413e-05,65481090.2648517,1e-04,0,0.323021411895752,169.1752576828,"3_98_6",3,98,6,1,1558,TRUE,TRUE,2,7.73199346653347,6,FALSE
"18",7.9914965,0.4166074,0.796104,7.2984802,0.3506671,0.701532,1.3106848,0.12108385,0.6396543,4.6073338,0.7403338,0.8282781,4.208685,0.6152527,0.6269004,7.4635129,0.2908324,0.6000813,0.7603256,0.891006467753593,0.983075590027009,0.985283180303212,0.0737488672059807,0.169187588188951,0.198041184509143,0.169187588188951,0.295537749478991,0,7284.22620903469,1.12428e-05,65481090.2648517,1e-04,0,0.395705461502075,185.981373548508,"3_107_14",3,107,14,1,1710,FALSE,TRUE,3,9.79075706586941,1,TRUE
"19",1.6914357,0.909307,0.8923149,7.8014726,0.3727513,0.6583977,1.2920927,0.1945675,0.4800105,5.4468708,0.5594707,0.8786997,1.6668984,0.5515651,0.7760628,8.9026073,0.3078298,0.6269121,0.7545341,0.891843265368763,0.983136347072717,0.982721125107723,0.0734967910528617,0.172467249344664,0.214530614926806,0.172467249344664,0.241609792941176,0,10452.0678872515,5.96256e-05,65481090.2648517,1e-04,0,0.278440952301025,197.141497135162,"3_114_4",3,114,4,1,1812,TRUE,TRUE,1,12.030148864554,1,FALSE
"20",3.4331034,0.2520685,0.869544,6.963235,0.3531295,0.6996897,1.3730738,0.15658957,0.47457,4.3169446,0.7940197,0.8261802,4.2297602,0.7003225,0.5942691,8.049213,0.3020473,0.6296787,0.7573664,0.88957454207047,0.978175962047013,0.983003794483664,0.074231732150345,0.19877114139204,0.203977659451806,0.19877114139204,0.0914434528991923,0,13890.8170310924,0.000112146,65481090.2648517,1e-04,0,0.300738334655762,197.493943691254,"3_114_8",3,114,8,1,1816,FALSE,TRUE,2,32.5230428841909,3,FALSE
"21",1.6914357,0.909307,0.8923149,7.8014726,0.3727513,0.6583977,1.2920927,0.1945675,0.4800105,5.4468708,0.5594707,0.8786997,1.6668984,0.5515651,0.7760628,8.9026073,0.3078298,0.6269121,0.7611455,0.892468407943337,0.982384969283521,0.982762575746807,0.0732525973182688,0.172605024337434,0.214330864676533,0.172605024337434,0.241555796047434,0,10452.0678872515,5.96256e-05,65481090.2648517,1e-04,0,0.263980865478516,200.328016042709,"3_116_2",3,116,2,1,1842,TRUE,TRUE,1,12.0328389180156,1,FALSE
"22",5.529356,0.3688165,0.891855,8.0999341,0.2775565,0.7054128,1.2267489,0.12010132,0.4913973,5.189732,0.5718988,0.817596,3.4943354,0.7607557,0.5180607,8.861605,0.2123344,0.5908104,0.7565795,0.890107447475699,0.979019496410129,0.983368814057369,0.0740523969944283,0.194891873969641,0.201775404577457,0.194891873969641,0.11319700195118,0,8316.15082559,2.70035e-05,65481090.2648517,1e-04,0,0.363008499145508,224.623529434204,"3_128_13",3,128,13,1,2045,FALSE,TRUE,2,26.1782150704872,2,FALSE
"23",1.450486,0.18971992,0.5147388,8.362048,0.4236049,0.6799257,0.90923962,0.18836929,0.5982093,5.8408115,0.5074093,0.8034975,2.8842404,0.43165,0.7135308,7.5427496,0.1687834,0.5311656,0.7563686,0.893408672475225,0.984143636774159,0.981790889327827,0.0729316309596323,0.169428930847982,0.211130504253545,0.169428930847982,0.260209454038476,0,7374.62036193502,1.26234e-05,65481090.2648517,1e-04,0,0.354212522506714,224.734141588211,"3_128_15",3,128,15,1,2047,TRUE,TRUE,3,11.1511988189445,6,TRUE
"24",2.5128523,0.6288796,0.692568,8.0383194,0.4435507,0.6741846,1.7013325,0.2793232,0.7174665,5.0367321,0.7922809,0.8893161,4.6128429,0.5234338,0.7848855,8.9459948,0.2590957,0.6283341,0.7589846,0.89196011574738,0.98136754460961,0.984908447744193,0.0734255224391885,0.177519790230772,0.200546684544923,0.177519790230772,0.236658384113228,0,6711.41562953023,2.4942e-06,65481090.2648517,1e-04,0,0.303661108016968,225.659665107727,"3_129_6",3,129,6,1,2054,FALSE,TRUE,3,12.2850306823278,1,FALSE
"25",5.529356,0.3688165,0.891855,8.0999341,0.2775565,0.7054128,1.2267489,0.12010132,0.4913973,5.189732,0.5718988,0.817596,2.5220638,0.9971335,0.5180607,8.861605,0.2123344,0.5908104,0.7565795,0.889953563829527,0.979262642478664,0.983776873618285,0.0741042270142726,0.193759267968117,0.199284670506519,0.193759267968117,0.116977595694917,0,8316.15082559,2.70035e-05,65481090.2648517,1e-04,0,0.308498382568359,227.633237600327,"3_130_11",3,130,11,1,2075,FALSE,TRUE,3,25.3201741613389,2,FALSE
"26",8.9997419,0.2539072,0.8774244,7.8870817,0.3860047,0.6617187,1.0148577,0.23995,0.5814,4.0857404,0.8948728,0.8575011,3.2639856,0.380953,0.827037,6.5659568,0.2573155,0.5837769,0.7585289,0.892719055775559,0.981396807792905,0.986748024119041,0.0731671744385986,0.177380333693136,0.187926856407586,0.177380333693136,0.221840601357939,0,10947.3042292098,6.71894e-05,65481090.2648517,1e-04,0,0.451764822006226,229.857627153397,"3_131_14",3,131,14,1,2094,TRUE,TRUE,2,13.1277056830201,1,FALSE
"27",4.1881527,0.2272762,0.6479289,7.4449742,0.3815587,0.6946794,1.5245696,0.16472062,0.7585722,4.1556143,0.6228739,0.8182665,2.0673806,0.8750782,0.7848855,8.9459948,0.2590957,0.6015771,0.759614,0.890710765717873,0.983853926330033,0.983386240730608,0.0738488406564741,0.16525141839355,0.210417805693843,0.16525141839355,0.352909179001616,0,10844.5419352962,6.56199e-05,65481090.2648517,1e-04,0,0.396123886108398,232.546387910843,"3_133_2",3,133,2,1,2114,FALSE,TRUE,3,8.17194769273618,6,FALSE
"28",2.6000545,0.2539072,0.8774244,7.8870817,0.3860047,0.6617187,0.7114834,0.12020203,0.4596939,5.6301129,0.6502042,0.8575011,1.8519472,0.14706829,0.7395282,3.1254749,0.3405961,0.5496687,0.7628735,0.897082217202085,0.981473513361981,0.984649905384559,0.0716414093444228,0.178445758756295,0.1938998652108,0.178445758756295,0.22124099951893,0,8634.02972775653,3.18585e-05,65481090.2648517,1e-04,0,0.520756721496582,233.413243293762,"3_133_12",3,133,12,1,2124,TRUE,TRUE,3,13.1631864714149,6,FALSE
"29",2.8028677,0.2464903,0.8299152,7.7651784,0.3486034,0.7194915,1.8463936,0.15087979,0.6295941,3.4747821,0.7818256,0.8087454,3.1397238,0.7738318,0.7135308,7.5427496,0.1687834,0.5311656,0.756416,0.890245981802561,0.978593819321295,0.985671085020754,0.0740057057768595,0.196859043587815,0.18728943094365,0.196859043587815,0.101960556449901,0,7088.38857971951,8.25175e-06,65481090.2648517,1e-04,0,0.331052303314209,234.829865455627,"3_134_9",3,134,9,1,2137,FALSE,TRUE,2,29.1243249291786,2,FALSE
"30",2.6000545,0.2539072,0.8774244,7.8870817,0.3860047,0.6617187,0.7114834,0.12020203,0.4596939,5.6301129,0.6502042,0.8575011,1.8519472,0.14706829,0.7395282,3.1254749,0.3405961,0.5922135,0.7640864,0.89622682223274,0.981136100258663,0.983163809558866,0.0719385149131971,0.180063395813505,0.203069123178531,0.180063395813505,0.21514995715103,0,11613.7368565428,7.73679e-05,65481090.2648517,1e-04,0,0.290762424468994,236.48811340332,"3_135_10",3,135,10,1,2154,TRUE,TRUE,2,13.5441677820437,6,FALSE
"31",2.9009368,0.8367823,0.4324491,8.1145835,0.3756124,0.6823593,1.0455983,0.16983091,0.4995963,6.5361151,0.4293172,0.7949709,3.5621712,0.4025476,0.5350275,8.5275168,0.238348,0.6503967,0.7559045,0.890590221480214,0.98452066041012,0.988994983349606,0.0739213115401328,0.16523689415595,0.171209121772245,0.16523689415595,0.272895183049365,0,8819.19828042742,3.46866e-05,65481090.2648517,1e-04,0,0.254832983016968,239.626883268356,"3_137_9",3,137,9,1,2185,TRUE,TRUE,2,10.6218777368896,1,FALSE
"32",2.8028677,0.2464903,0.8318511,7.756759,0.312958,0.7324911,1.4364151,0.14590981,0.6568605,3.1074435,0.9053461,0.7752024,3.8625106,0.8240941,0.7135308,7.5427496,0.1687834,0.5311656,0.756416,0.889613691094942,0.978662361568021,0.98326904064115,0.074218572333882,0.196543621143076,0.202379742660645,0.196543621143076,0.113448571873968,0,7088.38857971951,8.25175e-06,65481090.2648517,1e-04,0,0.391539573669434,241.049876213074,"3_138_5",3,138,5,1,2197,FALSE,TRUE,3,26.0903331426245,2,FALSE
"33",1.6558001,0.3748321,0.8874909,7.4384416,0.3790621,0.6927768,1.2894672,0.11658781,0.5458905,4.3382868,0.717409,0.8335332,3.2035902,0.8593777,0.7427133,6.5995988,0.17053399,0.492066,0.7617317,0.893953872079671,0.980946824857877,0.985300313884757,0.0727220843210418,0.180964495446308,0.189747476779606,0.180964495446308,0.152283432126821,0,7157.15518185493,9.30203e-06,65481090.2648517,1e-04,0,0.257082462310791,242.484968662262,"3_139_3",3,139,3,1,2211,FALSE,TRUE,2,19.3460800545825,6,FALSE
"34",5.529356,0.3688165,0.891855,8.0999341,0.2775565,0.7054128,1.2267489,0.15346,0.4342716,5.4305927,0.5358979,0.7730424,4.2207356,0.7478857,0.5466753,7.992609,0.1912357,0.5908104,0.7565795,0.889456634941226,0.977127360705657,0.982330334959554,0.074271352159549,0.203490396495695,0.207979617710348,0.203490396495695,0.0744189408559568,0,8316.15082559,2.70035e-05,65481090.2648517,1e-04,0,0.253528118133545,243.956339836121,"3_140_1",3,140,1,1,2225,FALSE,TRUE,3,39.8439775527332,2,FALSE
"35",2.8028677,0.2464903,0.8318511,7.756759,0.312958,0.7324911,1.4364151,0.14590981,0.6568605,3.1074435,0.9053461,0.7752024,3.8625106,0.8240941,0.7135308,7.5427496,0.2036242,0.5788818,0.7565468,0.889575017378915,0.979272713055649,0.984353797000669,0.0742315723909569,0.193712215093221,0.19570913503767,0.193712215093221,0.134367572703999,0,8070.60165014301,2.32532e-05,65481090.2648517,1e-04,0,0.257537364959717,244.059333562851,"3_140_3",3,140,3,1,2227,FALSE,TRUE,2,21.9391702741397,2,FALSE
"36",6.4749009,0.2332396,0.1683738,8.9379403,0.3843649,0.7000164,0.81502066,0.18963343,0.5750703,6.426654,0.4969387,0.8167653,2.0524019,0.14403106,0.6580296,5.3122939,0.245899,0.5879349,0.7591742,0.896383715107304,0.982792122354416,0.986284219957826,0.07190664045816,0.170598569681251,0.191187188420575,0.170598569681251,0.254546351465258,0,9371.8492484021,4.31273e-05,65481090.2648517,1e-04,0,0.272924184799194,245.621753931046,"3_141_3",3,141,3,1,2243,TRUE,TRUE,3,11.404888178228,6,FALSE
"37",5.529356,0.3688165,0.891855,7.8611649,0.2775565,0.7054128,1.2267489,0.12010132,0.4913973,5.189732,0.5718988,0.817596,2.5220638,0.9971335,0.5180607,8.861605,0.2123344,0.5908104,0.7565795,0.889949686405849,0.979267573875561,0.983775397901226,0.0741055325129489,0.193736228372452,0.199293734144852,0.193736228372452,0.116936890738491,0,8316.15082559,2.70035e-05,65481090.2648517,1e-04,0,0.349118709564209,246.504800319672,"3_141_15",3,141,15,1,2255,FALSE,TRUE,2,25.3296347174652,2,FALSE
"38",5.529356,0.3688165,0.891855,8.0521767,0.2775565,0.7054128,1.2267489,0.1467883,0.4456962,5.189732,0.5718988,0.817596,2.5220638,0.9971335,0.5180607,8.861605,0.2123344,0.5908104,0.7565795,0.889631480815058,0.978367174536197,0.983818897023441,0.0742125916065516,0.19789845360699,0.199026395665842,0.19789845360699,0.101118464225798,0,8316.15082559,2.70035e-05,65481090.2648517,1e-04,0,0.414183855056763,249.941119670868,"3_143_13",3,143,13,1,2285,FALSE,TRUE,2,29.3486358443475,2,FALSE
"39",6.4749009,0.2332396,0.1683738,8.9379403,0.3773629,0.6858909,0.9994874,0.17379136,0.5146911,6.5142211,0.4428415,0.7993296,3.2602209,0.3508444,0.5596281,7.884474,0.2398582,0.5879349,0.7591742,0.895656581479062,0.981857742087451,0.988072031863655,0.0721585039914337,0.175169059936698,0.17829196267662,0.175169059936698,0.230916435223845,0,9371.8492484021,4.31273e-05,65481090.2648517,1e-04,0,0.375333070755005,251.985573530197,"3_144_15",3,144,15,1,2303,TRUE,TRUE,1,12.6001863589692,1,FALSE
"40",0.32197846,0.7800787,0.3232854,8.5026502,0.364267,0.6931107,1.0985444,0.13944115,0.5999337,6.4198811,0.4782061,0.8574291,0.4299141,0.3440359,0.6514371,5.5701269,0.2611954,0.5800572,0.7608062,0.894646158819618,0.983915679171803,0.981969815700588,0.0725070402398454,0.164935102459364,0.219204070072963,0.164935102459364,0.365898813747399,0,9201.75293533548,4.05294e-05,65481090.2648517,1e-04,0,0.429150104522705,252.129922866821,"3_144_16",3,144,16,1,2304,TRUE,TRUE,2,7.87700983353461,6,FALSE
"41",0.59229371,0.6995458,0.844641,8.10822,0.3881881,0.6714243,0.92483954,0.16015195,0.5390424,4.6208618,0.8573599,0.8382825,1.2604621,0.5887531,0.587592,8.9402454,0.2584567,0.6086304,0.7553003,0.889893246733317,0.983516363347372,0.985631778106615,0.0741563887731818,0.170512933345891,0.195628921519303,0.170512933345891,0.25338706970541,0,9991.88661516355,5.25972e-05,65481090.2648517,1e-04,0,0.322329998016357,256.309640645981,"3_147_10",3,147,10,1,2346,TRUE,TRUE,2,11.4583504261572,6,FALSE
"42",3.1048536,0.2155789,0.898875,6.9276083,0.4093822,0.6815871,1.8127783,0.13471012,0.6236505,3.8250772,0.7733944,0.8337762,2.3265931,0.5612518,0.6378525,6.118269,0.2101384,0.6189849,0.7633727,0.892177432623749,0.980755549722617,0.982674854539721,0.0733286592532079,0.181870579833268,0.205996776099621,0.181870579833268,0.174050489771522,0,11220.9026985163,7.13681e-05,65481090.2648517,1e-04,0,0.361253261566162,261.39939904213,"3_150_16",3,150,16,1,2400,TRUE,TRUE,3,16.8450258618059,6,FALSE
"43",0.50224796,0.6931549,0.8236368,7.5411387,0.3901645,0.6958143,0.87200291,0.18558316,0.645561,3.875202,0.7400935,0.8406099,2.7231148,0.4102831,0.8872182,7.1830917,0.2482399,0.5462046,0.7559609,0.89297106010035,0.98364687723716,0.985719965586694,0.073112596262863,0.169836549453053,0.195027644091764,0.169836549453053,0.241944812863899,0,9011.28749220418,3.76204e-05,65481090.2648517,1e-04,0,0.3041672706604,262.764400005341,"3_151_14",3,151,14,1,2414,FALSE,TRUE,1,12.0141576087065,6,FALSE
"44",7.3045678,0.2332396,0.1683738,8.9379403,0.3843649,0.7000164,0.81502066,0.18963343,0.5750703,6.426654,0.4969387,0.8167653,2.0524019,0.14403106,0.6580296,5.3122939,0.245899,0.5879349,0.7578965,0.896130643209713,0.98153667726089,0.985297186778706,0.0719943991155766,0.176712252030216,0.197946920960293,0.176712252030216,0.25409406931857,0,13740.225584134,0.000109846,65481090.2648517,1e-04,0,0.409104585647583,266.900895357132,"3_154_5",3,154,5,1,2453,TRUE,TRUE,3,11.4228495400647,6,FALSE
"45",2.8028677,0.2464903,0.8808174,7.4463003,0.3220345,0.7238898,1.3940689,0.1702216,0.5765913,3.2004218,0.8662348,0.7252353,3.8625106,0.8240941,0.7135308,7.5427496,0.2036242,0.5788818,0.7565468,0.88983838454084,0.976445594135016,0.98607920101576,0.0741429971929187,0.206500855153231,0.184602976136522,0.206500855153231,0.0528558524978477,0,8070.60165014301,2.32532e-05,65481090.2648517,1e-04,0,0.345174789428711,268.550162792206,"3_155_3",3,155,3,1,2467,FALSE,TRUE,3,55.2195427489386,2,FALSE
"46",0.49200139,0.8899633,0.1124793,8.3257894,0.367093,0.7021584,1.2411224,0.104930137,0.4813875,4.0237519,0.345529,0.7880301,1.2395115,0.4075813,0.4435092,6.5943389,0.2181232,0.5735673,0.7548689,0.893507174139836,0.984060436915793,0.986855479128873,0.0729292538076007,0.167675270516958,0.187112985267031,0.167675270516958,0.256486776536382,0,7961.08238347896,2.15805e-05,65481090.2648517,1e-04,0,0.302297830581665,268.830120563507,"3_155_7",3,155,7,1,2471,TRUE,TRUE,2,11.3173169655587,6,FALSE
"47",1.0828359,0.4115422,0.7857774,7.1525113,0.3049093,0.7594857,1.2474414,0.104576149,0.5062734,5.1082436,0.4836385,0.6896664,3.7883914,0.8207416,0.5661963,6.1804088,0.14039695,0.4436118,0.7564136,0.889984743903518,0.978418438848017,0.981786254124031,0.073846335984104,0.197003848702478,0.210452339672919,0.197003848702478,0.0486623201026505,0,6811.82542314414,4.02777e-06,65481090.2648517,1e-04,0,0.335718393325806,269.02127289772,"3_155_9",3,155,9,0,2473,FALSE,TRUE,1,62.0227620418048,2,FALSE
"48",0.57745118,0.2070613,0.7907724,8.109377,0.3641338,0.6827544,0.89035293,0.105894154,0.5633433,3.2004218,0.8662348,0.8810145,0.45174669,0.2356642,0.8274564,1.6430197,0.3314791,0.4992399,0.7655297,0.897739941691195,0.98177725651439,0.98041895562584,0.0714121203263439,0.176976897483293,0.218997876934969,0.176976897483293,0.188003155507425,0,8827.3825981969,3.48116e-05,65481090.2648517,1e-04,0,0.249451637268066,271.711722373962,"3_157_1",3,157,1,1,2497,TRUE,TRUE,1,15.5657800378646,6,FALSE
"49",4.6819514,0.1755595,0.8651016,7.4967455,0.3536677,0.6943059,1.4817873,0.101600875,0.5775138,3.8983331,0.7033771,0.8033391,3.2656588,0.8484562,0.6690042,8.3069481,0.17215903,0.5942331,0.7574768,0.88942874803023,0.98031495410212,0.983690915578724,0.0742807198315781,0.188779135656805,0.199811926726167,0.188779135656805,0.150111888882845,0,9493.18666992527,4.49805e-05,65481090.2648517,1e-04,0,0.38198184967041,272.98056268692,"3_157_16",3,157,16,1,2512,FALSE,TRUE,2,19.5991614650904,1,FALSE
"50",7.4956241,0.4137328,0.7279353,5.0585371,0.4589875,0.7076637,1.7216779,0.18332506,0.5505723,4.6439484,0.9137026,0.8288946,5.8042058,0.6649066,0.5668218,4.9824777,0.12992698,0.1276659,0.7456367,0.895578392913011,0.963185992117806,0.957759917651378,0.0722724291395354,0.266460235695288,0.347066726586841,0.266460235695288,0.00754531384164104,0,54045.6989898384,0.000725436,65481090.2648517,1e-04,0,0.26715087890625,216.058772802353,"4_138_2",4,138,2,1,2194,FALSE,TRUE,1,56.8131945922891,3,FALSE
"51",1.1545432,0.18365041,0.3444624,2.7351654,0.8523523,0.8532891,1.0009292,0.2116639,0.5199363,4.9383337,0.4152079,0.2966292,6.5096287,0.5482675,0.254592,1.088078,0.9528067,0.1084509,0.7615931,0.897611529151554,0.962743518104189,0.981702499662889,0.0712199385173328,0.252213177448731,0.210996385976576,0.252213177448731,0.0213362638456766,0,104120.235983361,0.00149023,65481090.2648517,1e-04,0,0.325912475585938,201.346272945404,"5_122_8",5,122,8,0,1944,FALSE,TRUE,3,62.0835070159919,2,FALSE
"52",1.0237666,0.1961353,0.2674548,1.2005829,0.8146054,0.7495335,0.82713,0.2889388,0.47097,4.7862861,0.4452544,0.2852847,6.1530413,0.5480974,0.1755387,1.0356214,0.9173305,0.1352547,0.758759,0.896966703578891,0.958192757489039,0.979239619137317,0.0717040667274519,0.265911728331884,0.235215636449863,0.265911728331884,0.0157785918912272,0,50592.8335347088,0.0006727,65481090.2648517,1e-04,0,0.537508964538574,205.389635801315,"5_124_9",5,124,9,1,1977,FALSE,TRUE,3,56.0655053655671,2,FALSE
"53",1.2126691,0.3093022,0.2481984,4.8636894,0.8936362,0.5461434,0.62722799,0.2664244,0.4524003,4.0826432,0.3838159,0.247977,6.3495177,0.578494,0.1723482,1.0381668,0.9155206,0.1088739,0.7641047,0.900190900086329,0.962774550370493,0.980249886626306,0.0703171298125054,0.252108116844998,0.21921180152164,0.252108116844998,0.0203422947378001,0,91037.1129697837,0.00129041,65481090.2648517,1e-04,0,0.296756982803345,225.192389249802,"5_134_2",5,134,2,0,2130,FALSE,TRUE,2,62.5935022269854,2,FALSE
"54",1.2676711,0.3288187,0.1626993,7.4834756,0.736246,0.6081129,0.64611201,0.2672038,0.5042376,4.6136706,0.3912418,0.2806236,6.7971076,0.510499,0.1190709,1.0556464,0.9362872,0.099333,0.7567109,0.900371952080277,0.972733307617526,0.983316548946997,0.0702737784876594,0.22143665447299,0.201417438063958,0.22143665447299,0.0300158639563111,0,48955.3807099338,0.000647691,65481090.2648517,1e-04,0,0.306783437728882,229.091426849365,"5_136_6",5,136,6,0,2166,FALSE,TRUE,3,76.5620268740093,2,FALSE
"55",1.3024167,0.3856843,0.1500984,7.3862164,0.7592302,0.5971842,0.6452407,0.2553805,0.5073309,4.6548242,0.3993724,0.2783871,6.7142664,0.526852,0.1395243,1.0530031,0.9314776,0.1190115,0.7580288,0.900566615341685,0.971280788255231,0.984667930062815,0.0702050909446577,0.2196572253875,0.201463526222287,0.2196572253875,0.030787334343074,0,38349.1596261117,0.000485701,65481090.2648517,1e-04,0,0.335081815719604,236.267066240311,"5_140_15",5,140,15,0,2239,FALSE,TRUE,2,76.8412102622662,2,FALSE
"56",1.1943707,0.1814437,0.1645182,5.5368498,0.8970436,0.5086314,0.69564941,0.261766,0.5146155,4.1599219,0.4408714,0.310599,6.5765122,0.5062303,0.07302969,1.0377485,0.9345367,0.1062504,0.7546532,0.899125225738344,0.969639830411164,0.984916180842663,0.070740904049597,0.23063256512687,0.199767543632926,0.23063256512687,0.0232337895306485,0,52139.2112713451,0.000696318,65481090.2648517,1e-04,0,0.477423906326294,243.463052988052,"5_144_9",5,144,9,0,2297,FALSE,TRUE,2,76.8524892260662,2,FALSE
"57",1.2126691,0.3093022,0.2481984,4.8636894,0.8936362,0.5461434,0.62722799,0.2664244,0.4672557,4.0826432,0.4260682,0.2110023,6.2567085,0.5578696,0.1723482,1.0381668,0.9155206,0.1088739,0.7641047,0.900256671274509,0.964072222449973,0.980674282622499,0.0702939575599748,0.247674918577774,0.216843768747646,0.247674918577774,0.0208007017387163,0,91037.1129697837,0.00129041,65481090.2648517,1e-04,0,0.345772743225098,251.712953090668,"5_149_2",5,149,2,0,2370,FALSE,TRUE,2,65.2836191073138,2,FALSE
"58",1.2150632,0.3060793,0.3697272,6.8105199,0.9423451,0.7173099,0.91438471,0.2316394,0.6042276,6.2273385,0.18461152,0.4119372,8.2251215,0.5322574,0.4095567,1.1316524,0.9520858,0.1529874,0.7577252,0.896077813506642,0.971084806586486,0.986821381591716,0.071772261808051,0.220405428325485,0.18678026053247,0.220405428325485,0.019988296376988,0,25352.9868045176,0.000287209,65481090.2648517,1e-04,0,0.273687601089478,251.75888299942,"5_149_4",5,149,4,0,2372,FALSE,TRUE,1,91.3863961356773,2,FALSE
"59",1.2126691,0.3093022,0.2481984,4.8636894,0.8936362,0.5461434,0.62722799,0.2664244,0.4672557,4.0826432,0.4260682,0.2110023,6.2567085,0.5585698,0.0950733,1.0381668,0.9155206,0.1088739,0.7641047,0.900247378561413,0.964338671173551,0.980664109457781,0.0702972319963431,0.246754802159935,0.216900835119357,0.246754802159935,0.0215459550663698,0,91037.1129697837,0.00129041,65481090.2648517,1e-04,0,0.307212829589844,254.168944358826,"5_150_16",5,150,16,0,2400,FALSE,TRUE,2,65.5165592599389,2,FALSE
"60",1.1614318,0.3195658,0.0918414,7.1056439,0.8810506,0.6401772,0.53105281,0.2135512,0.4381902,4.4385275,0.4522033,0.2838195,6.2678513,0.5730526,0.3075066,1.0087434,0.8949547,0.1502793,0.7552052,0.899654042537892,0.972550199093321,0.984306335408683,0.0705552375386002,0.219299747766246,0.203765875254679,0.219299747766246,0.0325684903928414,0,29055.5066888874,0.000343758,65481090.2648517,1e-04,0,0.321821212768555,256.409232139587,"5_152_5",5,152,5,0,2421,FALSE,TRUE,2,74.6243190365855,2,FALSE
"61",1.2405439,0.4236787,0.0874161,7.0482389,0.9831781,0.6320277,0.51002122,0.2306197,0.4844322,4.2199079,0.4242232,0.2692746,6.10661,0.548452,0.1728711,1.051499,0.923491,0.1274499,0.7524308,0.899734162262987,0.975639842337774,0.986192595720324,0.0705270650282625,0.206589659632764,0.191128429671069,0.206589659632764,0.0489872098858148,0,17369.0866085784,0.00016527,65481090.2648517,1e-04,0,0.367757797241211,257.965361356735,"5_153_3",5,153,3,0,2435,FALSE,TRUE,2,59.2415420227689,2,FALSE
"62",1.0463637,0.2812348,0.2200968,8.5676736,0.7968268,0.7963353,0.86613514,0.2286181,0.6748506,7.1868475,0.3107719,0.4323483,7.981395,0.5306086,0.07005969,0.94484763,0.9693271,0.1419498,0.7644155,0.899003749995096,0.974523466420627,0.982697227314269,0.0707340769111626,0.208562882469417,0.20518092616302,0.208562882469417,0.0448959236037312,0,50765.9482241688,0.000675344,65481090.2648517,1e-04,0,0.487541198730469,258.477045536041,"5_153_7",5,153,7,0,2439,FALSE,TRUE,1,63.4559519420952,2,FALSE
"63",1.1614318,0.3195658,0.0918414,7.1056439,0.8810506,0.6401772,0.53105281,0.2135512,0.4381902,4.4385275,0.4522033,0.2838195,6.2678513,0.5730526,0.3075066,1.0087434,0.910999,0.08297649,0.7552052,0.899638373894104,0.972461278366324,0.982761284670006,0.0705607457910529,0.219654659743762,0.213560889005854,0.219654659743762,0.0242649728641043,0,48767.2068757779,0.000644817,65481090.2648517,1e-04,0,0.407862663269043,260.130860090256,"5_154_3",5,154,3,0,2451,FALSE,TRUE,1,86.2514883889495,2,FALSE
"64",1.3413364,0.4261267,0.2846826,8.2689451,0.8743231,0.495495,0.61145541,0.2837575,0.7708509,5.6676264,0.244864,0.316719,7.6533499,0.5002426,0.02212317,1.0890214,0.9715447,0.1292796,0.7546922,0.897936833242666,0.974186220373387,0.988364321318211,0.0711563786294972,0.212664173117779,0.175454750306365,0.212664173117779,0.0412247446800744,0,9837.58276166491,5.02405e-05,65481090.2648517,1e-04,0,0.438532590866089,262.125921726227,"5_155_1",5,155,1,0,2465,FALSE,TRUE,3,66.5504858442879,2,FALSE
"65",1.1614318,0.3195658,0.0918414,7.1056439,0.8810506,0.6401772,0.53105281,0.2135512,0.4381902,4.4385275,0.4522033,0.2838195,6.2678513,0.5860639,0.3411657,1.0087434,0.910999,0.08297649,0.7552052,0.899659406448066,0.972073449413867,0.982332844594659,0.0705533517774613,0.221195955000592,0.216198454795766,0.221195955000592,0.0254073725324801,0,48767.2068757779,0.000644817,65481090.2648517,1e-04,0,0.291930437088013,264.240498542786,"5_156_1",5,156,1,0,2481,FALSE,TRUE,2,83.0763549918315,2,FALSE
"66",1.2811368,0.4724956,0.03074553,6.3391759,0.9587638,0.7457976,0.90103471,0.2118241,0.5543658,5.2640292,0.4183102,0.3103947,8.2037882,0.4858597,0.2388303,1.0435869,0.9488008,0.1165122,0.7580933,0.900630058244236,0.975099513089116,0.986841234412303,0.0701826903925187,0.204532890247256,0.186639520719908,0.204532890247256,0.0611674408663355,0,11144.8605652566,7.02067e-05,65481090.2648517,1e-04,0,0.282726526260376,264.935676336288,"5_156_9",5,156,9,0,2489,FALSE,TRUE,3,48.3020453089903,2,FALSE
"67",1.0282878,0.2812348,0.2200968,8.5676736,0.7968268,0.7963353,0.86613514,0.2286181,0.6748506,5.2663966,0.4183579,0.3146976,6.5187156,0.5446,0.1544436,1.0174654,0.92773,0.1365939,0.7598903,0.89883536881637,0.973905128022152,0.984967429917651,0.0708136281545166,0.209380783655902,0.199486106474677,0.209380783655902,0.0333058382462984,0,50627.4695675093,0.000673229,65481090.2648517,1e-04,0,0.282912969589233,266.330137491226,"5_157_3",5,157,3,0,2499,FALSE,TRUE,1,80.3056005637235,2,FALSE
"68",1.2192996,0.392239,0.05227083,6.8186278,0.9814312,0.6597486,0.63059931,0.2854054,0.6117768,5.4044712,0.3729916,0.3419676,6.7656105,0.5259151,0.1268235,1.0000125,0.9228025,0.1302642,0.7518653,0.900019159505498,0.976676102764657,0.987084879950356,0.0704267600639801,0.202147834047399,0.184849591324643,0.202147834047399,0.0500190193777706,0,19289.5858790931,0.000194602,65481090.2648517,1e-04,0,0.288207769393921,266.712378025055,"5_157_7",5,157,7,0,2503,FALSE,TRUE,2,59.1856906287587,2,FALSE
"69",1.5021149,0.5735503,0.098451,0.72602066,0.5985667,0.5205969,0.47278985,0.8512669,0.3980043,5.1892781,0.5506246,0.2741967,6.2501581,0.5920426,0.02741814,8.6063619,0.107115985,0.06015825,0.7505903,0.898272371515135,0.96947076881497,0.969614693602653,0.0712055720166962,0.234777407594029,0.293447593113517,0.234777407594029,0.0216062634985435,0,34013.5663936372,0.000419483,65481090.2648517,1e-04,0,0.432860136032104,188.263170003891,"6_105_15",6,105,15,0,1679,FALSE,TRUE,2,74.6675859167862,3,FALSE
"70",1.5021149,0.5735503,0.098451,0.72602066,0.5985667,0.5205969,0.47278985,0.8512669,0.3980043,5.1892781,0.5506246,0.2741967,6.2501581,0.5920426,0.02741814,8.6063619,0.107115985,0.06015825,0.7505903,0.898272371515135,0.96947076881497,0.969614693602653,0.0712055720166962,0.234777407594029,0.293447593113517,0.234777407594029,0.0216062634985435,0,34013.5663936372,0.000419483,65481090.2648517,1e-04,0,0.32225513458252,191.074167251587,"6_107_13",6,107,13,0,1709,FALSE,TRUE,2,74.6675859167862,NA,NA
"71",1.5021149,0.5735503,0.098451,0.72602066,0.5985667,0.5205969,0.47278985,0.8512669,0.3980043,5.1892781,0.5506246,0.2741967,5.7650903,0.6351283,0.02669625,8.6389804,0.107401834,0.0578511,0.7511921,0.898289097381896,0.969846290155281,0.969545114474797,0.0711997180324522,0.233329013444255,0.293783382919823,0.233329013444255,0.0195739154200648,0,29874.7896348832,0.000356271,65481090.2648517,1e-04,0,0.229949951171875,194.015265464783,"6_109_11",6,109,11,0,1739,FALSE,TRUE,1,77.6059914471808,3,FALSE
"72",1.2224858,0.5473369,0.0786969,0.78410473,0.4957084,0.5692878,0.59594627,0.7068142,0.5904018,5.0919121,0.5904856,0.2650266,6.2216603,0.5939335,0.016839,8.2769462,0.106388884,0.05566419,0.7493177,0.898014139342054,0.973093702972609,0.974052277085463,0.071295891213168,0.22040697552984,0.271174199961037,0.22040697552984,0.0310092714670991,0,10141.2013085499,5.48777e-05,65481090.2648517,1e-04,0,0.265339136123657,202.24211025238,"6_114_1",6,114,1,0,1809,FALSE,TRUE,3,75.9829981927822,3,FALSE
"73",1.3503432,0.5473369,0.0786969,0.78410473,0.4957084,0.5692878,0.59594627,0.7068142,0.5904018,5.0919121,0.5904856,0.2650266,6.2216603,0.5939335,0.016839,8.2769462,0.106388884,0.04051926,0.7508468,0.898075308712931,0.972950842235728,0.973658109549237,0.0712745069795516,0.22099133348259,0.273226117795512,0.22099133348259,0.0295219963131945,0,12146.3067824383,8.55019e-05,65481090.2648517,1e-04,0,0.298409223556519,224.188103437424,"6_127_3",6,127,3,0,2019,FALSE,TRUE,2,77.5734434340379,3,FALSE
"74",1.3404108,0.4291597,0.1029096,0.27367282,0.4022551,0.4764105,0.60197246,0.6373414,0.5985054,5.244111,0.5200642,0.3758202,4.6234606,0.4392982,0.06018255,7.1825399,0.108273601,0.08008947,0.7482119,0.899226232775388,0.969282161794219,0.976121158009985,0.0711116010785684,0.236301176354141,0.26102227042431,0.236301176354141,0.0222364199251662,0,10809.1267554441,6.5079e-05,65481090.2648517,1e-04,0,0.264822006225586,225.81427526474,"6_128_6",6,128,6,1,2038,FALSE,TRUE,3,72.8841361613046,3,FALSE
"75",1.7657952,0.5264416,0.08953371,0.67284494,0.593992,0.5886441,0.57200883,0.6390712,0.5715774,5.1355488,0.5815162,0.2893293,5.9402156,0.613666,0.02849247,7.190007,0.107783956,0.07098696,0.7487534,0.898353037498942,0.974069645861924,0.973734705150204,0.0711773348174152,0.216372764084703,0.272828592147672,0.216372764084703,0.0355861585583847,0,11027.8182736988,6.84191e-05,65481090.2648517,1e-04,0,0.339624881744385,236.764135599136,"6_134_16",6,134,16,0,2144,FALSE,TRUE,2,72.2871240567234,3,FALSE
"76",1.3387999,0.6171751,0.07066017,0.81001174,0.4751137,0.6221394,0.62321765,0.6623479,0.6341175,5.4984285,0.4702357,0.1619325,5.502923,0.5497849,0.1382238,6.2043142,0.10938484,0.04266252,0.7492637,0.899437270505633,0.974957474481943,0.978299113707257,0.0707967050735051,0.212636312161982,0.247991889400496,0.212636312161982,0.0288224909366069,0,8753.1802995717,3.36783e-05,65481090.2648517,1e-04,0,0.301082372665405,237.380650043488,"6_135_3",6,135,3,0,2147,FALSE,TRUE,1,85.7037419112984,3,FALSE
"77",2.0224712,0.8722189,0.005148423,7.4018181,0.7485148,0.706986,1.1044896,0.107445799,0.7033401,4.8229096,0.4032991,0.2005659,6.5575819,0.2060236,0.1283004,8.2343686,0.101709253,0.06054156,0.7482152,0.898450129490519,0.982236068838423,0.978560457616077,0.071143332816382,0.179088586951869,0.246494082281425,0.179088586951869,0.179422934837886,0,17296.9991376649,0.000164169,65481090.2648517,1e-04,0,0.313835859298706,238.091361045837,"6_135_12",6,135,12,0,2156,FALSE,TRUE,1,16.3307737266172,3,FALSE
"78",2.0211718,0.8660539,0.01735083,5.4483126,0.5657149,0.706986,1.1044896,0.107445799,0.7033401,4.8229096,0.4032991,0.2005659,6.5575819,0.2060236,0.1283004,8.2343686,0.101709253,0.06054156,0.7482152,0.900127309724511,0.985299302257656,0.976888720138074,0.0705533912939184,0.162917352203937,0.255923837968609,0.162917352203937,0.252083021066123,0,17296.9991376649,0.000164169,65481090.2648517,1e-04,0,0.264129161834717,243.270253658295,"6_137_10",6,137,10,0,2186,TRUE,TRUE,1,11.5203319273037,1,FALSE
"79",1.57295,0.6674581,0.08953371,0.67284494,0.593992,0.5886441,0.57200883,0.6390712,0.5715774,5.1355488,0.5815162,0.2893293,5.9402156,0.613666,0.02849247,7.8933384,0.1083007,0.04115745,0.7508753,0.898132500011165,0.974564907287012,0.974341415911569,0.0712545076373507,0.214296477079263,0.269659102847923,0.214296477079263,0.0369134136559282,0,6708.61724759849,2.45146e-06,65481090.2648517,1e-04,0,0.243023157119751,245.035357713699,"6_138_12",6,138,12,0,2204,FALSE,TRUE,2,71.5972652278218,3,FALSE
"80",1.5479499,0.6342346,0.0981126,4.8917422,0.8728606,0.5527629,0.73206821,0.3131911,0.6227001,4.8139384,0.4829779,0.3017538,6.7136879,0.5153032,0.005426109,7.6840015,0.102847789,0.06817545,0.7501619,0.899569484068318,0.975289478787526,0.973162038126404,0.0707501502352766,0.211222083404666,0.275786820226024,0.211222083404666,0.0395840347396887,0,24982.7937431686,0.000281555,65481090.2648517,1e-04,0,0.414407730102539,253.189707040787,"6_143_8",6,143,8,0,2280,FALSE,TRUE,2,69.3944596129109,3,FALSE
"81",1.7795101,0.8011675,0.00928773,4.5967428,0.528661,0.7177905,0.89521322,0.3444814,0.6938172,5.2550402,0.400771,0.001681128,7.9217383,0.5392495,0.07829748,8.1720864,0.106350463,0.0785682,0.7486979,0.900183644103195,0.981005142137964,0.976792064732631,0.0705334902474597,0.185189514476282,0.256458438678765,0.185189514476282,0.170175882072561,0,14798.8179817093,0.000126014,65481090.2648517,1e-04,0,0.418109178543091,255.796285390854,"6_144_16",6,144,16,0,2304,FALSE,TRUE,3,17.2312630762489,3,FALSE
"82",1.4672625,0.6576499,0.06587145,1.4772928,0.6089689,0.697014,0.85446101,0.512947,0.7067853,5.2892785,0.5083228,0.1458135,5.8489817,0.5801419,0.1235367,8.0949323,0.101133334,0.04256145,0.7512638,0.898502474888664,0.97526104037874,0.975266039852274,0.071124994505915,0.211343592227544,0.26475585310806,0.211343592227544,0.049155077407952,0,7411.82954424217,1.31917e-05,65481090.2648517,1e-04,0,0.296436309814453,258.10288476944,"6_146_3",6,146,3,0,2323,FALSE,TRUE,3,57.7952381366176,3,FALSE
"83",1.9151372,0.8315947,0.04737996,7.082139,0.8979679,0.7129017,1.1931069,0.12734992,0.7163253,4.959845,0.3838582,0.0951795,7.9217383,0.5392495,0.07829748,8.1720864,0.1000201492,0.08589249,0.7497662,0.898502977618452,0.979911408721445,0.976977432404293,0.071124818360252,0.190446550306924,0.255432186001931,0.190446550306924,0.102206447646786,0,20096.4286620793,0.000206925,65481090.2648517,1e-04,0,0.335577487945557,258.956067800522,"6_146_14",6,146,14,0,2334,FALSE,TRUE,1,29.1925093394078,3,FALSE
"84",1.8849929,0.7593211,0.04374711,7.583921,0.7537123,0.5920146,0.90455288,0.11706265,0.6488712,4.6982562,0.4091779,0.3540078,6.0577134,0.16426081,0.07773912,7.8787958,0.1008774082,0.06459588,0.7476626,0.898571342644385,0.980600597455925,0.978175622290876,0.0711008606666684,0.187151169983226,0.248696501741949,0.187151169983226,0.159360605472147,0,22772.3731999879,0.000247795,65481090.2648517,1e-04,0,0.261673450469971,259.772483587265,"6_147_3",6,147,3,0,2339,FALSE,TRUE,3,18.4325133964075,3,FALSE
"85",1.4408562,0.8693623,0.05315157,5.0749309,0.7333336,0.7071399,1.0594912,0.15882544,0.7407549,5.0119634,0.6260995,0.4075146,3.3336548,0.6010345,0.0979065,7.5726714,0.1004617504,0.08032491,0.7484162,0.898098036031969,0.978071518305746,0.973011700371925,0.0712665600888142,0.198976895383717,0.276558176680668,0.198976895383717,0.093140802549196,0,6617.87673437016,1.06557e-06,65481090.2648517,1e-04,0,0.288620710372925,261.919407606125,"6_148_11",6,148,11,0,2363,FALSE,TRUE,3,31.9067438675555,3,FALSE
"86",1.074194,0.6591484,0.02143215,1.3957332,0.3864736,0.6386013,0.41631312,0.9802396,0.4130847,5.3654625,0.483967,0.3124278,4.488145,0.8102044,0.03396726,7.5751723,0.10950778,0.05652738,0.7491605,0.898913761858692,0.973943036426827,0.974510899629879,0.0709807423279202,0.216900359555894,0.268767032025603,0.216900359555894,0.0379368847917179,0,13231.6193406675,0.000102078,65481090.2648517,1e-04,0,0.237297058105469,263.030951976776,"6_149_5",6,149,5,0,2373,FALSE,TRUE,3,68.8427468519914,3,FALSE
"87",1.4023459,0.8448427,0.0913176,8.5877698,0.6119938,0.5993622,1.0770331,0.12726217,0.6296004,4.7377366,0.6715261,0.5018346,3.0225375,0.5674006,0.1036314,7.5838854,0.101621593,0.06462135,0.7496111,0.898733585867915,0.977028060195253,0.971857886565583,0.0710439721606708,0.20365599731189,0.282408065799627,0.20365599731189,0.0679140617805,0,11863.7972279444,8.11871e-05,65481090.2648517,1e-04,0,0.241814851760864,263.295119762421,"6_149_8",6,149,8,0,2376,FALSE,TRUE,3,43.6514683769813,3,FALSE
"88",1.5249078,0.6590341,0.1065186,2.8909955,0.7591078,0.5720193,0.79315158,0.3683098,0.7113366,5.0373462,0.4588804,0.2797731,5.8015002,0.5373937,0.1132884,6.4497851,0.103223098,0.04693995,0.7503908,0.900737736457684,0.978648813495368,0.976184543618331,0.0703374479471582,0.196340266483958,0.259793449189558,0.196340266483958,0.116776832500425,0,14579.9365872824,0.000122671,65481090.2648517,1e-04,0,0.244385480880737,264.729092597961,"6_150_6",6,150,6,0,2390,FALSE,TRUE,3,25.3262700507532,3,FALSE
"89",1.9411608,0.8728327,0.01685232,3.9320463,0.8527222,0.7626573,1.0628465,0.15883903,0.6999048,4.8224201,0.4554109,0.136683,7.7447262,0.3824245,0.110547,8.2569301,0.101868229,0.07645536,0.7476698,0.898689462417,0.981955190339565,0.976183052048868,0.07105944799172,0.180498884275846,0.259801584534571,0.180498884275846,0.208929527780383,0,12675.3934626911,9.35827e-05,65481090.2648517,1e-04,0,0.387033224105835,267.038972377777,"6_151_15",6,151,15,0,2415,FALSE,TRUE,2,13.9580810163668,3,FALSE
"90",1.8849929,0.7593211,0.04374711,7.583921,0.7537123,0.5920146,0.90455288,0.11706265,0.6488712,4.6982562,0.4091779,0.3540078,5.0891086,0.16426081,0.07773912,7.8787958,0.1008774082,0.06459588,0.7476626,0.898580998536412,0.980570690084711,0.978217145461058,0.0710974762258612,0.187295376587303,0.248459803498509,0.187295376587303,0.152646258887397,0,22772.3731999879,0.000247795,65481090.2648517,1e-04,0,0.370365381240845,268.57481098175,"6_152_13",6,152,13,0,2429,FALSE,TRUE,3,19.2705752742212,3,FALSE
"91",1.2182761,0.7654591,0.05599647,3.9939814,0.6648976,0.6770529,0.83869466,0.3922138,0.7233849,5.4003416,0.3942667,0.2434914,6.461631,0.5006557,0.1051623,8.404679,0.104479651,0.07512462,0.7487918,0.900613080085562,0.980380423809973,0.976459286554647,0.0703815999729149,0.188210210278408,0.258290570861157,0.188210210278408,0.130470821631521,0,7335.62372462701,1.20278e-05,65481090.2648517,1e-04,0,0.40546989440918,269.940504074097,"6_153_9",6,153,9,0,2441,FALSE,TRUE,1,22.6682768897654,3,FALSE
"92",1.8129741,0.7392637,0.05630139,6.6453359,0.7547914,0.588015,0.88227262,0.16731208,0.6613641,5.0373462,0.4588804,0.2797731,5.8015002,0.5373937,0.1132884,6.4497851,0.101346544,0.06106473,0.7482083,0.899669530955021,0.978100195508123,0.974328764843244,0.0707149015068334,0.198846745755687,0.269725572909481,0.198846745755687,0.0830833610126814,0,21133.8727825384,0.00022277,65481090.2648517,1e-04,0,0.310722351074219,271.054649114609,"6_154_2",6,154,2,0,2450,FALSE,TRUE,2,35.8862436960153,3,FALSE
"93",1.3606316,0.9460414,0.01349982,4.5967428,0.528661,0.7177905,0.89521322,0.3444814,0.6938172,5.2550402,0.400771,0.001681128,7.9217383,0.5392495,0.07829748,8.1720864,0.105343318,0.0931815,0.749132,0.900053939948822,0.979965441849918,0.976358273246102,0.0705793019614073,0.190190251800352,0.25884414066182,0.190190251800352,0.139844153090643,0,21993.7499446708,0.000235903,65481090.2648517,1e-04,0,0.416906833648682,271.534593343735,"6_154_6",6,154,6,0,2454,FALSE,TRUE,3,21.0801557299261,3,FALSE
"94",1.7046789,0.924022,0.01612413,5.6484647,0.7071733,0.8143326,1.7166761,0.2009791,0.8013897,5.3296934,0.3451438,0.08463492,7.4812684,0.4818808,0.1468062,8.7323503,0.101880955,0.08982936,0.748913,0.898741106689497,0.978296796271705,0.977541262780087,0.071041333976212,0.197952181690003,0.252284987767498,0.197952181690003,0.102808512038906,0,18389.965669872,0.000180862,65481090.2648517,1e-04,0,0.345917940139771,271.778723239899,"6_154_9",6,154,9,0,2457,FALSE,TRUE,3,28.8501407588791,3,FALSE
"95",2.2032836,0.5375071,0.05426784,4.3834009,0.5475331,0.5920146,0.90455288,0.11706265,0.6488712,4.6982562,0.4091779,0.3540078,6.0577134,0.16426081,0.07773912,7.8787958,0.1008774082,0.06459588,0.7476626,0.901072801618127,0.982377017802318,0.975130992826393,0.0702186336589768,0.1783766774675,0.265477650555395,0.1783766774675,0.21584435443392,0,22772.3731999879,0.000247795,65481090.2648517,1e-04,0,0.331964492797852,271.901616334915,"6_154_11",6,154,11,0,2459,TRUE,TRUE,2,13.5013702708766,1,FALSE
"96",0.83969947,0.5800033,0.05599647,3.9939814,0.6648976,0.6770529,0.83869466,0.3922138,0.7233849,5.4003416,0.3942667,0.2434914,6.461631,0.5006557,0.1051623,8.404679,0.104479651,0.07512462,0.7503491,0.900279227812213,0.980034598959266,0.97716646519382,0.0704997108767711,0.189861710031118,0.254381378316833,0.189861710031118,0.134875864843134,0,7335.62372462701,1.20278e-05,65481090.2648517,1e-04,0,0.292431116104126,273.318032503128,"6_155_7",6,155,7,0,2471,FALSE,TRUE,2,21.8873435763938,3,FALSE
"97",1.9752478,0.7512643,0.01180728,3.36541,0.6753772,0.6976782,0.87850525,0.2047969,0.7309647,5.1396962,0.2364364,0.02823678,8.6458334,0.306343,0.05036994,7.8502535,0.106540534,0.04579542,0.7505006,0.900889121548513,0.983180075078145,0.979671214487594,0.070522446912319,0.174856823986825,0.240838907728214,0.174856823986825,0.250231297704373,0,12659.6664776653,9.33425e-05,65481090.2648517,1e-04,0,0.354898929595947,275.402940511703,"6_156_14",6,156,14,1,2494,TRUE,TRUE,2,11.6044624188617,1,FALSE
"98",1.3225574,0.7798681,0.05514318,4.5282217,0.926875,0.7883847,1.1810741,0.13849138,0.756234,4.9392415,0.4174822,0.2779146,5.8455107,0.4666204,0.1118106,8.2926191,0.10370449,0.06702687,0.749528,0.899308443661315,0.979049414096842,0.977491419788237,0.0708420379569551,0.194489632407352,0.252564782428903,0.194489632407352,0.059549733799565,0,11228.9036875678,7.14903e-05,65481090.2648517,1e-04,0,0.274325847625732,276.534163475037,"6_157_10",6,157,10,0,2506,FALSE,TRUE,1,50.930717359728,3,FALSE
"99",1.4615665,0.5750371,0.3539628,5.042971,0.4506013,0.2410596,0.82394113,0.5867533,0.4645539,3.5242216,0.3133441,0.2342232,6.3649147,0.5899276,0.4638141,7.2185226,0.2676133,0.689076,0.7531544,0.876669428084553,0.938103235832869,0.97073168584019,0.0782194378576206,0.329308170017882,0.278271112984508,0.329308170017882,0.0082380306181257,0,454629.685724091,0.0068436,65481090.2648517,1e-04,0,0.243536233901978,152.99920129776,"9_102_4",9,102,4,0,1620,FALSE,TRUE,2,35.3572540399456,2,FALSE
"100",1.4615665,0.4160926,0.2975625,5.042971,0.4506013,0.2410596,0.82394113,0.5867533,0.4645539,3.5242216,0.3133441,0.2342232,6.3649147,0.5899276,0.4638141,7.2185226,0.2676133,0.689076,0.7531544,0.876871907835409,0.937606154122101,0.970481524640459,0.0781552025350609,0.330627832979557,0.279457797664779,0.330627832979557,0.00684822700841538,0,454629.685724091,0.0068436,65481090.2648517,1e-04,0,0.310107469558716,158.300863027573,"9_105_16",9,105,16,0,1680,FALSE,TRUE,1,35.0907332210176,2,FALSE
"101",1.4124296,0.5301685,0.3155904,5.2246111,0.5168872,0.2506401,0.75481661,0.6331357,0.4176027,3.234046,0.2282608,0.2783529,5.7938818,0.6703741,0.4479354,7.5345349,0.2637091,0.6832332,0.753602,0.878479102268656,0.939537119197894,0.974758497311031,0.0776434460335153,0.325471488831066,0.258420447392464,0.325471488831066,0.0119259355916849,0,387710.120422887,0.00582153,65481090.2648517,1e-04,0,0.293951749801636,172.886506080627,"9_115_16",9,115,16,0,1840,FALSE,TRUE,3,36.1027605236385,2,FALSE
"102",0.6438523,0.5591746,0.0306567,6.6459589,0.9082261,0.3543291,0.44670128,0.6425218,0.2328876,2.6404961,0.12786715,0.2281869,6.6194013,0.7192,0.4388337,8.1647973,0.2785042,0.7193079,0.7595471,0.881874098606387,0.950604152982767,0.97490191360437,0.0765200178452969,0.288074259440856,0.2577604850439,0.288074259440856,0.0125517185637961,0,211729.610252724,0.00313376,65481090.2648517,1e-04,0,0.232503175735474,192.643796205521,"9_129_12",9,129,12,0,2060,FALSE,TRUE,2,46.7494261054774,2,FALSE
"103",0.59614296,0.8516602,0.01193778,7.9934456,0.8575714,0.392832,0.77217517,0.373663,0.4454991,2.5821922,0.17827633,0.2763648,4.4421676,0.8475517,0.2846943,8.7975161,0.2737423,0.7406847,0.762368,0.883290232430305,0.960147416239639,0.976636878493716,0.0760378218999164,0.260852554432336,0.238421034765759,0.260852554432336,0.0163941535373037,0,169524.720379079,0.00248916,65481090.2648517,1e-04,0,0.238145112991333,219.565761089325,"9_148_5",9,148,5,0,2357,FALSE,TRUE,2,58.6886807332488,2,FALSE
"104",1.2417276,0.6827491,0.1921563,7.5016138,0.913222,0.2433006,1.1372505,0.2557378,0.5347404,3.3336637,0.11914786,0.2369016,5.488149,0.6274081,0.2671263,8.7895862,0.2596807,0.7251111,0.7590398,0.885047866450191,0.969775744361782,0.984014660527627,0.0754850614678404,0.225339352773645,0.205710740316861,0.225339352773645,0.0260478961211929,0,42702.5619340525,0.000552191,65481090.2648517,1e-04,0,0.314506053924561,228.694601297379,"9_154_11",9,154,11,0,2459,FALSE,TRUE,3,78.4526958376534,3,FALSE
"105",0.59614296,0.8516602,0.01193778,7.9934456,0.8575714,0.392832,0.77217517,0.373663,0.4454991,3.2413618,0.17827633,0.3034395,4.4421676,0.8475517,0.2846943,8.7975161,0.2737423,0.7406847,0.762368,0.883137554018492,0.960270584241455,0.976612558944668,0.0760875415583832,0.260449148336039,0.238545093186582,0.260449148336039,0.0136247705331957,0,169524.720379079,0.00248916,65481090.2648517,1e-04,0,0.232265472412109,232.867146253586,"9_157_11",9,157,11,0,2507,FALSE,TRUE,1,59.565200724261,2,FALSE
"106",1.002015,0.7833925,0.439389,7.1294069,0.3968236,0.7119333,0.90429567,0.5888053,0.704763,5.1502071,0.6287617,0.8804448,5.9571701,0.5693185,0.2464794,7.9330324,0.10822159,0.8744526,0.7424189,0.742868020335646,0.768316197867498,0.882458348540065,0.113024676534005,0.666179790477095,0.576984645788979,0.666179790477095,0.00672681688167042,0,3161235.95172424,0.0481819,65481090.2648517,1e-04,0,0.300946712493896,126.39021730423,"10_84_15",10,84,15,0,1343,FALSE,TRUE,2,11.694450498769,5,TRUE
"107",1.002015,0.7833925,0.439389,7.1294069,0.3968236,0.7119333,0.90429567,0.5888053,0.704763,5.1502071,0.6153346,0.8546895,6.0287439,0.5960647,0.2464794,7.9330324,0.10822159,0.8744526,0.7424189,0.742986348798337,0.773617640819291,0.882839372149403,0.112998667370876,0.658513842300457,0.576048708521759,0.658513842300457,0.00680646057196935,0,3161235.95172424,0.0481819,65481090.2648517,1e-04,0,0.234699726104736,137.747873306274,"10_92_7",10,92,7,0,1463,FALSE,TRUE,2,11.8753274500945,5,FALSE
"108",1.002015,0.7833925,0.439389,7.1294069,0.3414565,0.7248204,0.9029491,0.5886055,0.704763,5.1502071,0.6287617,0.8804448,5.9571701,0.5693185,0.2464794,7.9330324,0.10822159,0.8744526,0.7424189,0.742298165927074,0.754477588992316,0.87886393347239,0.113149849538212,0.68578690462672,0.585740287166527,0.68578690462672,0.00717255404899532,0,3161235.95172424,0.0481819,65481090.2648517,1e-04,0,0.219527959823608,143.242711782455,"10_96_3",10,96,3,0,1523,FALSE,TRUE,3,11.2558486656543,5,FALSE
"109",0.93884992,0.7672186,0.4155192,6.4245625,0.491275,0.694125,0.92406969,0.6000931,0.7038423,5.0914849,0.6278779,0.8534943,6.0128663,0.5784067,0.2625525,8.4118791,0.12076003,0.8027802,0.742232,0.858055567306748,0.91307120896486,0.945483437531877,0.0839758498685163,0.40806132705102,0.392945748218817,0.40806132705102,0.0073589170316498,0,793768.171728619,0.0120233,65481090.2648517,1e-04,0,0.248180150985718,201.858355283737,"10_135_11",10,135,11,0,2155,FALSE,TRUE,3,24.0063715546486,4,TRUE
