DATE,display_S,display_I,b_branded_S,b_branded_I,b_category_S,b_category_I,b_competitive_S,b_competitive_I,p_auto_S,p_auto_I,p_brand_S,p_brand_I,p_category_S,p_category_I,p_competitive_S,p_competitive_I,revenue,p_auto_comp_S,p_auto_comp_I,deaths,hospital,positive,lockdown,inflation,gdp
2019-09-15,0,0,359.19,19365,1370.33,361876,0,0,9015.21,3239253,288.99,30839,22150.18,4260466,2216.03,696017,72489.79,11231.24,3935270,0,0,0,0,2.4,21531.839
2019-09-22,0,0,532.33,28630,1589.9,382879,0,0,8735.3,2930675,283.41,27128,18217.93,3554764,2342.96,745853,70143.73,11078.26,3676528,0,0,0,0,2.4,21531.839
2019-09-29,0,0,172.68,8906,262.89,54069,0,0,1111.51,434244,158.13,22139,7049.88,1299238,569.05,214971,32134.51,1680.56,649215,0,0,0,0,2.4,21531.839
2019-10-06,0,0,225.34,10431,358.19,113177,0,0,1658.21,702099,246.74,27782,10190.57,1802702,727.33,268410,42644.96,2385.54,970509,0,0,0,0,2.3,21706.532
2019-10-13,0,0,677.79,36737,559.52,176327,0,0,3632.8,1629834,684.14,69441,16573.46,3723765,1771.68,594825,64717.25,5404.48,2224659,0,0,0,0,2.3,21706.532
2019-10-20,0,0,1036.73,60060,869.67,404522,0,0,5456.95,2796862,1059.45,116938,24336.25,6263968,3327.65,1041152,92047.9,8784.6,3838014,0,0,0,0,2.3,21706.532
2019-10-27,0,0,1109.86,60930,1011.44,484254,0,0,5577.89,3209399,1369.6,141421,22325.55,6242985,3014.41,1001175,87161.78,8592.3,4210574,0,0,0,0,2.3,21706.532
2019-11-03,0,0,715.83,29342,1212.59,496411,0,0,5402.16,2788554,1332.64,150039,17676.79,4566249,2721.05,861515,83591.52,8123.21,3650069,0,0,0,0,2.3,21706.532
2019-11-10,0,0,711.55,31999,1223.95,457104,0,0,5690.16,2969275,1268.85,131234,16601.5,4011087,2576.73,769232,78050.76,8266.89,3738507,0,0,0,0,2.3,21706.532
2019-11-17,0,0,709.93,29323,1082.76,430582,0,0,5113.93,2900820,1158.61,120822,14823.13,3506791,2308.2,704728,70413.62,7422.13,3605548,0,0,0,0,2.3,21706.532
2019-11-24,0,0,698.6,33769,881.92,354681,0,0,4105.82,2560698,1112.49,117591,13469.16,3307017,1996.78,707229,53934.06,6102.6,3267927,0,0,0,0,2.3,21706.532
2019-12-01,0,0,711.26,37955,995.04,488947,0,0,4196.97,2304179,921.99,113619,15151.43,3690401,2188.35,783726,63143.48,6385.32,3087905,0,0,0,0,2.3,21706.532
2019-12-08,0,0,706.04,31527,1069.13,480731,0,0,4390.59,2471712,894.06,100080,15478.25,3834753,2146.24,899820,68167.97,6536.83,3371532,0,0,0,0,2.3,21706.532
2019-12-15,0,0,704.68,37395,983.37,593530,0,0,5061.17,2646871,846.27,85887,15058.4,3936370,1824.11,689129,63397.47,6885.28,3336000,0,0,0,0,2.3,21706.532
2019-12-22,0,0,667.58,33478,722.68,445828,0,0,4778.86,2727166,847.66,86572,14355.88,3663703,1413.17,475612,51445.84,6192.03,3202778,0,0,0,0,2.3,21706.532
2019-12-29,0,0,919.69,37063,951.7,589593,0,0,7196.63,3567812,1011.07,111391,18643.71,4556317,1669.35,554458,77235.66,8865.98,4122270,0,0,0,0,2.3,21706.532
2020-01-05,0,0,919.93,33088,1023.07,639137,0,0,9296.07,4319457,1155.15,138076,19072.31,4744841,1767.39,615997,82029.34,11063.46,4935454,0,0,0,0,2.1,21538.032
2020-01-12,0,0,878.41,34367,1052.82,571964,0,0,9842.83,4710038,1580.72,162710,20651.73,5040875,1577.82,583780,93320.06,11420.65,5293818,0,0,0,0,2.1,21538.032
2020-01-19,0,0,778.77,32790,1170.43,596321,0,0,8965.55,4312708,1641.12,187349,17845.86,3625954,1422.55,413012,83018.15,10388.1,4725720,0,0,1,0,2.1,21538.032
2020-01-26,0,0,579.19,35273,818.34,557328,0,0,5913.1,2613052,1250.35,153632,11893.66,2356812,1161.92,330486,58255.61,7075.02,2943538,0,0,13,0,2.1,21538.032
2020-02-02,0,0,618.49,45708,959.19,741517,0,0,3867.85,1752692,1046.06,101145,13820.32,2580228,1806.69,455713,53155.92,5674.54,2208405,0,0,14,0,2.1,21538.032
2020-02-09,0,0,859.35,47879,984.37,548837,0,0,4333.06,1876898,1136.7,100901,16217.13,2766280,2119.69,585409,62189.13,6452.75,2462307,0,0,29,0,2.3,21538.032
2020-02-16,0,0,923.68,45728,1293.16,602717,0,0,4040.37,1486251,1129.81,95665,15952.82,2613351,1994.11,563749,66236.1,6034.48,2050000,0,0,42,0,2.3,21538.032
2020-02-23,0,0,1022.29,70855,1448.84,759098,0,0,4084.38,1545062,1156.44,103417,17856.46,2954272,1717.82,353844,79740.68,5802.2,1898906,0,0,50,0,2.3,21538.032
2020-03-01,0,0,2011.59,79130,1778.76,923563,0,0,5354.18,2062488,2331.74,217147,17404.09,3163118,1694.52,461106,98804.72,7048.7,2523594,21,0,119,0,2.4,21538.032
2020-03-08,0,0,1472.94,60185,1614.49,810370,0,0,4582.67,1752365,3126.57,303665,16333.5,2738063,2366.75,484664,119566.71,6949.42,2237029,145,0,2524,0,2.4,21538.032
2020-03-15,0,0,3738.5,85400,644.03,62762,0,0,5730.3,1192967,2159.21,138784,12972.71,2178634,2582.38,358133,118895.05,8312.68,1551100,369,0,20729,1,2.4,21538.032
2020-03-22,0,0,2943.07,86733,1130.22,82046,0,0,3773.11,1131661,2213.67,114720,14222.08,1777491,2091.85,243871,121919.18,5864.96,1375532,1671,6065,141528,1,2.4,21538.032
2020-03-29,1400.11,136613,1978.99,91198,1063.37,62716,0,0,2935.75,653756,2160.94,82358,11398.14,1158928,2155.81,217739,131287.86,5091.56,871495,10780,57030,672913,1,2.4,21538.032
2020-04-05,0,0,1643.15,88603,288.22,16209,0,0,1169.35,299143,2067.77,83379,8499.71,758240,1371.66,100140,82383.78,2541.01,399283,47298,166307,1784907,1,1.4,19636.731
2020-04-12,0,0,2059.68,112241,138.78,7480,0,0,1578.38,641256,2671.46,105592,12112.02,1044929,1707.31,151805,97172.61,3285.69,793061,126086,340714,3261980,1,1.4,19636.731
2020-04-19,0,0,3539.25,336004,388.9,88911,0,0,2441.45,767226,2998.07,140107,14533.03,1269955,1907.85,209689,96087.88,4349.3,976915,226135,408507,4695455,1,1.4,19636.731
2020-04-26,0,0,4209.84,858625,394,31065,0,0,4914.84,1263389,2444.01,125032,18858.78,2169145,1538.98,173770,103737.22,6453.82,1437159,324634,405814,6111551,1,1.4,19636.731
2020-05-03,0,0,2194.67,226753,510.69,29072,0,0,5807.65,1894628,3319.71,174472,16648.06,1968058,1838.48,215974,100032.88,7646.13,2110602,413332,384661,7527630,1,1.2,19636.731
2020-05-10,0,0,2124.68,163735,489.35,19017,0,0,5595.19,2048560,3084.97,174671,10753.72,1347328,1462.05,175685,93991.68,7057.24,2224245,501331,354681,8805070,1,1.2,19636.731
2020-05-17,0,0,1682.26,163493,426.66,19379,0,0,5748.19,2793487,3149.81,177516,8285.03,1109222,1144.86,153342,78094.97,6893.05,2946829,575825,316830,9942184,1,1.2,19636.731
2020-05-24,0,0,1408.18,110674,288.28,17960,0,0,5293.31,2615990,3178.95,166431,7440.57,868245,925.55,88538,62188.73,6218.86,2704528,636953,283526,11049979,1,1.2,19636.731
2020-05-31,0,0,349.55,20445,45.13,2346,0,0,7537.44,4687154,3354.2,197855,6780.19,1191204,544.96,49636,62192.65,8082.4,4736790,685215,259384,12074174,1,1.2,19636.731
2020-06-07,0,0,24.38,242,82.82,4474,0,0,8615.95,4659816,4450.41,209887,8006.81,904292,805.6,84339,68323.46,9421.55,4744155,728862,230291,13116224,1,1.2,19636.731
2020-06-14,0,0,77.83,1469,361.98,19595,0,0,10050.41,5017304,5349.52,304773,8826.13,785039,826.35,113399,75580.75,10876.76,5130703,766153,208975,14112421,1,1.2,19636.731
2020-06-21,2772.03,400158,731.73,18592,487.74,17597,0,0,12808.27,6897577,6607.9,722991,20181.94,2590760,4856.84,1094541,116000.81,17665.11,7992118,797284,198677,15266772,1,1.2,19636.731
2020-06-28,9460.91,1201841,433.44,10327,111.39,3278,0,0,8185.5,3964977,5313.99,375624,15250.62,1734818,5141.26,1096942,104262.58,13326.76,5061919,824667,219498,16882560,1,1.2,19636.731
2020-07-05,11629.24,1352442,30.58,597,0,0,0,0,5588.09,2349583,4825.68,368974,10826.53,1459073,5619.6,1381219,100297.54,11207.69,3730802,850109,258322,19101262,1,1.6,21362.428
2020-07-12,10763.78,1054502,3.24,40,0,0,0,0,5920.85,2350696,6063.91,453825,9959.7,1279591,6163.16,1275508,114310.81,12084.01,3626204,878458,325730,21704926,1,1.6,21362.428
2020-07-19,8648.83,791710,0,4,0,0,0,0,5878,2401686,6173.45,540058,9613.08,1151760,5753.18,1404182,113499.38,11631.18,3805868,913472,397479,24813495,1,1.6,21362.428
2020-07-26,4349.12,372286,110.92,1904,0,0,0,0,5798.64,2843124,5971.22,542642,9593.3,1306711,5935.71,1413084,104236.97,11734.35,4256208,955081,415535,28060263,1,1.6,21362.428
2020-08-02,0,0,116.71,2241,0,0,0,0,5804.26,3238052,5782.82,458526,9797.97,1303660,5608.44,1538630,109677.73,11412.7,4776682,1008280,394545,31172143,1,1.7,21362.428
2020-08-09,0,0,18.02,432,0,0,0,0,5800.12,3504165,5535.39,500942,9794.47,1321967,5465.42,1471538,91543.55,11265.54,4975703,1059989,364001,33886643,1,1.7,21362.428
2020-08-16,0,0,100.28,2890,0,0,0,0,9261.75,4997734,6070.8,580455,9662.86,1707227,5196.22,1405545,96419.15,14457.97,6403279,1112025,327666,36453892,1,1.7,21362.428
2020-08-23,2526.53,280620,420.43,13734,0,0,0,0,10995.62,4016982,5363.17,506064,8846.71,1793666,5172.75,1449831,80559.03,16168.37,5466813,1162135,293102,38714912,1,1.7,21362.428
2020-08-30,4007.16,451842,305.42,15589,0,0,0,0,7360.17,3991357,7586.56,660168,9673.07,2324612,5233.62,1249807,109499.17,12593.79,5241164,1208446,263292,40746168,1,1.7,21362.428
2020-09-06,0,0,85.85,4320,0,0,0,0,4386.97,2564615,7651.7,757492,13129.27,2964628,5196.35,1285515,109106.02,9583.32,3850130,1251105,241459,42725937,0,1.7,21362.428
2020-09-13,0,0,44.93,1343,0,0,0,0,5015.16,3118688,6880.21,699776,15932.75,3158624,5038.22,1414792,96969.02,10053.38,4533480,1287569,222130,44478680,0,1.7,21362.428
2020-09-20,5304.13,560211,16.5,253,0,0,0,0,5354.94,3544667,6977.06,612770,18807.29,4597024,5315.14,1437577,106562.27,10670.08,4982244,1327119,208592,46357547,0,1.7,21362.428
2020-09-27,15833.14,1650589,53.87,1377,0,0,0,0,10974.24,4133763,8513.44,801422,22725.63,4290029,6095.67,1711847,148408.48,17069.91,5845610,1363724,207808,48467165,0,1.7,21362.428
2020-10-04,4600.22,399397,124.34,5487,0,0,0,0,4092.87,2255910,8366.42,614597,20633.88,4507038,5577.39,1886733,129790.48,9670.26,4142643,1398538,213412,50556204,0,1.6,21704.706
2020-10-11,4196.15,369443,392.76,13212,0,0,0,0,4145.16,2556909,7343.28,383863,20827.11,4094212,4355.17,886150,129932.42,8500.33,3443059,1432464,236446,52808732,0,1.6,21704.706
2020-10-18,5030.37,423226,444.66,18590,0,0,0,0,3409.04,2065223,6712.94,279942,15991.91,3633775,2771.58,372252,124265.06,6180.62,2437475,1466461,257410,55406133,0,1.6,21704.706
2020-10-25,5556.66,462835,616.54,22140,0,0,0,0,2293.65,1140713,3764.77,143170,9415.07,2291461,1763.09,234608,99045.99,4056.74,1375321,1504219,284462,58458733,0,1.6,21704.706
2020-11-01,11485.25,908795,432.32,13707,0,0,0,0,2089.34,991256,4041.16,123967,12537.35,2463343,1178.42,158062,109613.96,3267.76,1149318,1544011,320765,62249810,0,1.6,21704.706
2020-11-08,12300.45,967547,546.58,17331,0,0,0,0,2158.58,904871,5251.11,161687,23389.6,3865401,1194.57,204335,146192.91,3353.15,1109206,1590261,372789,67526222,0,1.6,21704.706
2020-11-15,24634.65,3685011,541.58,19067,0,0,0,0,2417.12,1145507,5326.35,187181,23716.94,4052325,1193.87,184225,151083.78,3610.99,1329732,1642786,462621,74095908,0,1.6,21704.706
2020-11-22,6646.65,1160696,449.74,15543,0,0,0,0,4314.19,2673334,5101.34,196396,29179.61,4603640,1641.79,308230,131632.9,5955.98,2981564,1707662,560060,82142376,0,1.6,21704.706
2020-11-29,4991.76,1087488,455.31,19377,0,0,0,0,7913,4308036,5240.86,212248,49020.9,6675608,2405.2,352404,146038.88,10318.2,4660440,1782961,629716,90428387,0,1.6,21704.706
2020-12-06,0,0,423.69,18660,227.61,3689,0,0,3150.29,2317077,4670.15,238314,11809.89,1857101,2758.04,397802,111448.3,5908.33,2714879,1871931,700023,99068742,0,1.6,21704.706
2020-12-13,16868.73,3127573,461.54,18022,673.93,4525,0,0,1768.65,1177408,4829.05,251367,11905.09,2016964,2345.27,369467,99127.27,4113.92,1546875,1986394,746590,109316903,0,1.6,21704.706
2020-12-20,20499.94,3926660,375.98,14364,982.05,8172,0,0,1332.93,807098,4139.09,189557,12291.19,2119731,1966.24,305346,87716.05,3299.17,1112444,2111137,792608,119824727,0,1.6,21704.706
2020-12-27,973.18,205912,253.08,12676,1142.2,10569,0,0,1689.45,879992,4994.3,197856,15383.56,2151534,2283.65,331482,120589.92,3973.1,1211474,2233261,827810,129670276,0,1.6,21704.706
2021-01-03,14527.6,4767715,0,0,862.43,6953,0,0,2983.26,2411803,5173.93,217302,16845.72,2611719,2068.24,337211,137313.12,5051.5,2749014,2350677,870754,139031020,0,1.4,22313.85
2021-01-10,15196.36,5039984,29.99,498,542.42,3715,0,0,5448.67,3350045,4911.36,231568,24920.31,2842393,2482.16,368048,160792.78,7930.83,3718093,2490826,916174,150315755,0,1.4,22313.85
2021-01-17,15078.45,5102005,49.27,1000,603.92,4365,0,0,6706.9,4145122,5253.05,245423,32132.31,3087352,2724.32,387715,174302.25,9431.22,4532837,2652682,898218,161813617,0,1.4,22313.85
2021-01-24,9923.53,3082622,87.91,1680,1001.22,12232,0,0,7037.97,4798164,6484.86,269462,35807.55,3532249,2954.58,395348,174204.7,9992.55,5193512,2803478,830962,171054646,0,1.4,22313.85
2021-01-31,15530.48,4960002,112.9,2627,1519.08,25595,0,0,7365.06,4811943,6650.15,228812,32861.81,3758712,2806.08,428401,164042.86,10171.14,5240344,2960126,724222,178783520,0,1.4,22313.85
2021-02-07,13371.76,3600010,121.67,3176,2148.45,54334,0,0,5900.73,3971369,6037.01,208678,26377.17,3337901,2117.73,332312,149619,8018.46,4303681,3114538,618569,185184692,0,1.3,22313.85
2021-02-14,11785.81,3279709,323.91,7934,4451.86,191022,0,0,4753.32,3401711,6083.15,210121,22085.5,2617565,1699.47,256142,142812.85,6452.79,3657853,3262253,518046,190125533,0,1.3,22313.85
2021-02-21,10112.67,2607541,288.15,8255,5748.95,198740,0,0,5016.36,3341404,4614.04,220789,23714.15,3169800,1640.8,282292,148240.38,6657.16,3623696,3381702,429652,193758812,0,1.3,22313.85
2021-02-28,12499.8,3566940,254.6,8114,5756.74,212444,0,0,4850.72,3000401,4992.29,221550,22751.31,2738563,1490.62,283950,144366.48,6341.34,3284351,3482075,364583,197034260,0,1.3,22313.85
2021-03-07,12616.89,3808594,263.2,8107,6451.7,221277,0,0,5155.04,3318171,5461.32,262896,19220.26,2798683,2089.77,425717,136888.13,7244.81,3743888,3571866,306901,200084809,0,1.6,22313.85
2021-03-14,13288.8,3755047,291.99,8370,6320.46,219710,0,0,4608.87,2900873,5105.65,310752,21719.59,3320777,2210.59,486832,140501.55,6819.46,3387705,0,0,0,0,1.6,22313.85
2021-03-21,12384.36,3113351,285.49,8324,5657.67,162623,0,0,3154.29,2577729,4118.55,266986,21026.36,3727597,2203.77,382710,135706.03,5358.06,2960439,0,0,0,0,1.6,22313.85
2021-03-28,14452.26,3658510,328.05,7952,5111.09,150675,0,0,3218.73,2058231,3594.96,194410,17875.71,2395249,2006.24,249902,124249.46,5224.97,2308133,0,0,0,0,1.6,22313.85
2021-04-04,14825.77,4076282,276.51,7978,4314.54,111344,0,0,1874.32,1103688,3261.12,191440,16737.51,2181216,2016.13,221509,121441.74,3890.45,1325197,0,0,0,0,3,23046.934
2021-04-11,12166.34,3385034,280.39,7411,6303.83,141507,0,0,3026.48,1548819,4228.52,217059,29068.51,2971784,1833.44,201001,140233.15,4859.92,1749820,0,0,0,0,3,23046.934
2021-04-18,6383.39,1523691,227.18,7226,8287.34,191130,0,0,4596.59,2015158,4638.21,190188,36049.87,2662414,2712.2,241759,148075.98,7308.79,2256917,0,0,0,0,3,23046.934
2021-04-25,889.31,195602,69.8,1968,1753.64,42957,0,0,2450.26,620269,1094.27,52799,6352.67,474617,414.33,38715,61002.69,2864.59,658984,0,0,0,0,3,23046.934
2021-05-02,6738.07,1668231,253.21,7390,5013.26,134037,0,0,2660.29,974263,2551.01,82803,14376.06,1138488,1813.06,124841,101731.18,4473.35,1099104,0,0,0,0,3.8,23046.934
2021-05-09,7447.09,1882778,372.59,8938,6535.76,135358,0,0,2504.29,732391,3150.26,109330,16500.19,1296749,3228.19,186385,123586.3,5732.48,918776,0,0,0,0,3.8,23046.934
2021-05-16,7404.3,1853526,347.45,8558,6219.86,127958,0,0,2451.76,678442,2779.07,90579,13352.29,1224989,2849.44,159716,116281.26,5301.2,838158,0,0,0,0,3.8,23046.934
2021-05-23,6893.06,1709477,435.72,8721,4875.81,121105,0,0,2341.37,597990,2596.47,82471,12319.45,1077864,2256.61,145876,115139.83,4597.98,743866,0,0,0,0,3.8,23046.934
2021-05-30,6337.75,1573862,364.31,8495,4401.27,116062,0,0,2106.26,605870,1965.64,80623,12211.88,963103,1755.59,107063,104611.95,3861.85,712933,0,0,0,0,3.8,23046.934
2021-06-06,5729.78,1422100,312.83,8877,3695.74,125138,0,0,2097.4,644240,2043.21,81202,12202.81,902045,1887.03,159825,101201.13,3984.43,804065,0,0,0,0,4.5,23046.934
2021-06-13,5013.02,1207158,288.81,8365,4517.23,127779,0,0,1912,729018,1681.4,84583,17871.92,1019723,2226.02,154837,99982.81,4138.02,883855,0,0,0,0,4.5,23046.934
2021-06-20,5656,1363041,371.37,10493,7169.8,173787,0,0,1298.73,697260,1945.65,111967,19031.24,1094450,2307.32,183231,115130.18,3606.05,880491,0,0,0,0,4.5,23046.934
2021-06-27,5517.89,1288862,270.35,7855,6854.38,156900,0,0,1361.8,633228,1281.22,83871,19682.93,1092665,1944.62,179628,104387.62,3306.42,812856,0,0,0,0,4.5,23046.934
2021-07-04,3027.4,619777,252.1,8179,4493.38,126180,0,0,1117.36,496485,1258.49,88568,13469.85,867742,1399.79,122205,93259.98,2517.15,618690,0,0,0,0,4.3,23550.42
2021-07-11,2456.48,495526,293.14,9037,4351.26,132242,0,0,958.29,350818,1245.55,97027,11580.14,1152960,857.17,90298,96611.23,1815.46,441116,0,0,0,0,4.3,23550.42
2021-07-18,7931.69,2887884,299.29,8512,4924.21,123185,0,0,920.28,249513,1442.38,97929,10581.33,988439,430.39,73040,94467.08,1350.67,322553,0,0,0,0,4.3,23550.42
2021-07-25,3775.08,1484853,261.31,8388,3930.86,110476,0,0,534.9,209584,1880.16,98204,12187.81,945643,408.81,80198,87921.89,943.71,289782,0,0,0,0,4.3,23550.42
2021-08-01,2538.13,539460,316.55,8797,4203.91,127406,0,0,993.49,352350,2224.14,103058,15730.53,1205157,377.03,78151,108397.25,1370.52,430501,0,0,0,0,4,23550.42
2021-08-08,7620.15,2602844,300.91,9318,4924.99,140492,0,0,995.8,395198,2062.08,88134,16682.1,1245561,471.83,64682,108594.76,1467.63,459880,0,0,0,0,4,23550.42
2021-08-15,6321.48,2093412,338.84,10181,3945.78,131743,0,0,988.05,346164,2317.32,89970,18018.74,1227724,461.46,67797,110689.61,1449.51,413961,0,0,0,0,4,23550.42
2021-08-22,2988.18,931086,283.14,18159,3079.98,105360,0,0,934.19,253820,1698.15,80205,18653.48,1123613,426.48,80428,104102.02,1360.67,334248,0,0,0,0,4,23550.42
2021-08-29,5918.88,2083423,279.61,40504,2641.43,104882,0,0,675.96,216371,1552.15,76135,16455.69,1004553,437.18,64481,85767.38,1113.14,280852,0,0,0,0,4,23550.42
2021-09-05,8010.91,2816512,375.73,126781,3522.81,142263,0,0,889.27,258179,1681.6,88466,16713.94,1050520,436.04,60136,94255.91,1325.31,318315,0,0,0,0,4,23550.42
2021-09-12,4343.48,1315084,379.68,105896,3811.55,156029,0,0,950.03,289180,2131.57,113451,17468.77,1217664,390.33,59153,101167.83,1340.36,348333,0,0,0,0,4,23550.42
2021-09-19,1696.4,375812,345.36,66542,3752.76,153286,0,0,1058.58,373102,2258.54,113003,16949.2,1267556,425.21,60917,95812.47,1483.79,434019,0,0,0,0,4,23550.42
2021-09-26,1873.93,435887,389.12,79145,3646.09,157102,0,0,1280.76,468938,1984.44,120895,15899.4,1430698,326.61,65027,93429.99,1607.37,533965,0,0,0,0,4,23550.42
2021-10-03,3968.06,910252,375.71,78671,4040.72,162415,0,0,1058.11,294722,1822.72,84091,13574.39,1332476,383.59,68192,100565.63,1441.7,362914,0,0,0,0,4.6,24349.121
2021-10-10,990.64,215314,364.11,52823,4315.99,140960,0,0,950.49,273053,1992.18,96820,12592.99,1193168,322.1,62119,99531.89,1272.59,335172,0,0,0,0,4.6,24349.121
2021-10-17,995.23,188766,346.53,10154,4389.83,122940,0,0,967.93,299721,2009.09,86897,12695.14,1023151,240.57,49221,93725.77,1208.5,348942,0,0,0,0,4.6,24349.121
2021-10-24,2317.28,413222,427.42,9532,3831.84,122812,0,0,1732.71,931973,1880.91,84595,14851.44,1009814,169.86,30384,98160.52,1902.57,962357,0,0,0,0,4.6,24349.121
2021-10-31,4812.28,778491,493.09,9135,3287.34,122987,0,0,2056.85,964066,2117.39,99981,19371.61,946513,193.96,30717,126130.09,2250.81,994783,0,0,0,0,4.6,24349.121
2021-11-07,4401.43,699297,519.6,9166,2806.15,100057,0,0,1513.77,431934,2421.46,101286,11273.68,829406,333.15,59243,111167.36,1846.92,491177,0,0,0,0,4.9,24349.121
2021-11-14,2231.88,339198,503.39,9566,3201.22,127827,0,0,1630.04,534189,2313.86,143105,11943.31,1343100,356.94,61274,115223.37,1986.98,595463,0,0,0,0,4.9,24349.121
2021-11-21,0.1,23,490.44,8239,2255.79,86566,0,0,1845.16,475280,1889.42,78767,9862.92,766708,202.33,33662,90114.54,2047.49,508942,0,0,0,0,4.9,24349.121
2021-11-28,1435.55,339984,480.6,8828,2399.63,95612,0,0,1608.07,345126,1792.73,88710,9082.48,777724,229.08,40372,84152.8,1837.15,385498,0,0,0,0,4.9,24349.121
2021-12-05,3205.83,630792,371.99,9018,3486.69,141358,0,0,1831.49,367400,3245.65,93730,11238.52,843702,479,84588,103895.55,2310.49,451988,0,0,0,0,5.5,24349.121
2021-12-12,4877.94,907613,418.06,8943,3210.67,135047,0,0,1820.87,395562,4830.8,64288,11728.56,1112654,603.48,97933,100105.67,2424.35,493495,0,0,0,0,5.5,24349.121
2021-12-19,3117.39,582070,296.98,7394,2898.31,120255,0,0,1743.73,526265,1254.32,78805,8769.23,794620,237.08,49100,86986.14,1980.81,575365,0,0,0,0,5.5,24349.121
2021-12-26,3106.61,642316,400.46,8398,3188.44,121374,0,0,680.62,335864,1265.08,76577,11657.36,763888,88.16,36926,91713.58,768.78,372790,0,0,0,0,5.5,24349.121
2022-01-02,5252.87,1129136,451.26,10027,4455.26,170760,0,0,2146.43,741877,1676.86,127917,20384.85,1349625,606.9,112060,144628.27,2753.33,853937,0,0,0,0,6,24740.48
2022-01-09,3398.26,657244,467.75,10407,4239.99,165727,0,0,2120.54,696275,1378.56,101029,14897.17,1105639,626.55,95095,126561.09,2747.09,791370,0,0,0,0,6,24740.48
2022-01-16,1661.43,337744,328.77,10484,3785.14,157801,0,0,2053.55,677107,1590.83,101780,13494.21,1270833,462.73,88949,109384.01,2516.28,766056,0,0,0,0,6,24740.48
2022-01-23,1795.77,407844,231.99,6000,2249.9,97122,0,0,616.94,180482,1052.31,57080,5072.26,606412,103.68,46464,57284.02,720.62,226946,0,0,0,0,6,24740.48
2022-01-30,515.4,134396,350.09,7699,2216.76,94395,0,0,704.01,300262,1050.87,56755,8245.46,849494,260.52,62201,71226.13,964.53,362463,0,0,0,0,6,24740.48
2022-02-06,0,0,336.1,8304,2528.6,104150,0,0,1012.93,494708,1165.09,68447,11058.13,1206303,281.61,84201,76368.88,1294.54,578909,0,0,0,0,6.4,24740.48
2022-02-13,7428.5,3634210,378.37,7791,2830.41,106285,0,0,969.78,617004,1216.6,62090,10875.07,1176310,257.78,71349,88274.07,1227.56,688353,0,0,0,0,6.4,24740.48
2022-02-20,10709.12,5297739,309.74,8109,3632.91,138730,0,0,980.46,637251,1198.33,59421,12099.78,1521823,346.7,75159,94788.68,1327.16,712410,0,0,0,0,6.4,24740.48
2022-02-27,2011.01,1202040,217.33,6301,3055.47,136812,0,0,333.47,210334,802.26,48693,10971.35,1027349,271.57,74580,72195.15,605.04,284914,0,0,0,0,6.4,24740.48
2022-03-06,4305.08,2260081,174.93,5184,2386.1,100988,0,0,0,0,693.24,49880,8519.2,582164,307.13,62483,60487.27,307.13,62483,0,0,0,0,6.5,24740.48
2022-03-13,5980.82,3609771,159.92,4693,2084.22,84128,0,0,0,0,750.21,52158,8001.3,609975,322.54,67202,65711.44,322.54,67202,0,0,0,0,6.5,24740.48
2022-03-20,4859.09,2704101,143.87,5109,2525.96,107684,0,0,0,0,760.48,56000,8510.47,716339,329.27,86601,70517.45,329.27,86601,0,0,0,0,6.5,24740.48
2022-03-27,3594.04,1950042,172.08,5030,1876.43,90356,0,0,3,867,702.14,54650,6992.08,646566,342.9,86107,62842.88,345.9,86974,0,0,0,0,6.5,25248.476
2022-04-03,5202.57,2913004,178.53,5258,2255.64,108990,0,0,0,0,760.34,61174,8923.02,715919,346,87419,74207.54,346,87419,0,0,0,0,6.2,25248.476
2022-04-10,4995.09,3026163,158.48,4817,1947.15,92747,0,0,0,0,944.17,52954,8379.78,664651,297.3,65918,70966.32,297.3,65918,0,0,0,0,6.2,25248.476
2022-04-17,3880.56,2283813,189.91,4939,2353.82,95253,0,0,0,0,943.81,51538,8761.29,719321,294.63,74145,76873.39,294.63,74145,0,0,0,0,6.2,25248.476
2022-04-24,3171.53,1507240,151.05,4007,2490.96,95387,0,0,0,0,878.79,55974,8770.3,724927,286.91,68168,77129.27,286.91,68168,0,0,0,0,6.2,25248.476
2022-05-01,4619.99,1826193,69.64,2539,1883.48,71762,0,0,1.01,439,703.35,48484,9945.91,759673,244.04,51488,78340.87,245.05,51927,0,0,0,0,6,25248.476
2022-05-08,4761.02,1430496,128.66,5127,2928.99,135161,0,0,0,0,886.33,55737,10171.98,795107,390.51,75819,93385.76,390.51,75819,0,0,0,0,6,25248.476
2022-05-15,4373.88,1269333,98.89,4889,2923.93,129704,0,0,0,0,739.43,60025,9981.21,845391,317.05,75760,91691.71,317.05,75760,0,0,0,0,6,25248.476
2022-05-22,3161.24,881529,99.86,4557,2262.2,113792,0,0,0,0,727.16,71320,7955.4,802513,329.95,64480,79135.81,329.95,64480,0,0,0,0,6,25248.476
2022-05-29,3388.46,837508,58.46,2878,1456.71,73627,0,0,0,26,556.66,55118,6413.74,666619,231.47,57258,67124.75,231.47,57284,0,0,0,0,6,25248.476
2022-06-05,5225.4,1391740,121.16,5375,2482.9,138422,0,0,0,0,868.4,93177,10445.36,1021251,429.57,110479,92662.71,429.57,110479,0,0,0,0,5.9,25248.476
2022-06-12,4051.24,974563,114.99,5817,2623.66,135145,0,0,0,0,849.63,86680,10480.51,1007381,412.75,118309,93899.26,412.75,118309,0,0,0,0,5.9,25248.476
2022-06-19,3791.33,866495,102.89,5935,2578.86,142183,0,0,0,0,816.86,90860,11924.8,1125825,386.26,105685,86451.19,386.26,105685,0,0,0,0,5.9,25248.476
2022-06-26,3741.58,902367,68.75,2334,830.22,50562,0,0,3,92,397.46,43591,5461.35,696983,208.3,66457,52876.85,211.3,66549,0,0,0,0,5.9,25248.476
2022-07-03,4444.76,1377252,158.14,6154,2648.76,133702,0,0,0,0,835.33,83036,11338.65,1423444,384.24,142115,77763.57,384.24,142115,0,0,0,0,5.9,25723.941
2022-07-10,4810.62,1694654,190.71,8484,2536.98,147509,0,0,0,0,1785.29,142202,13224.85,1328100,557.38,161965,96488.11,557.38,161965,0,0,0,0,5.9,25723.941
2022-07-17,4188.66,2155560,126.14,6205,1525.57,75987,0,0,0,0,1784.34,168729,7522.91,769720,487.68,160299,86981.7,487.68,160299,0,0,0,0,5.9,25723.941
2022-07-24,2936.7,1356696,139.08,5822,478.62,35470,0,0,0,0,703.76,69508,1625.88,210225,403.89,146059,45993.09,403.89,146059,0,0,0,0,5.9,25723.941
2022-07-31,4147.33,1590957,133.02,5991,527.52,32795,0,0,3,1248,788.56,81688,2736.62,311787,366.03,141711,53469.9,369.03,142959,0,0,0,0,5.9,25723.941
2022-08-07,4313.8,1394133,85.86,5947,755.16,54877,0,0,0,0,1286.4,119556,8641.51,1255587,360.21,150252,82264.34,360.21,150252,0,0,0,0,6.3,25723.941
2022-08-14,4125.15,1398363,70.08,5046,1090.63,70843,0,0,0,0,1570.93,149078,10525.6,1144564,404.31,133581,94981.76,404.31,133581,0,0,0,0,6.3,25723.941
2022-08-21,3888.36,1082142,63.83,5899,1399.89,95653,0,0,0,0,1806.95,181041,11038.95,1240628,351.69,128456,107762.32,351.69,128456,0,0,0,0,6.3,25723.941
2022-08-28,3698.67,1336523,60.39,4564,1265.21,84899,0,0,5.05,694,1472.36,141281,10025.9,1129948,348.36,119905,91786.79,353.41,120599,0,0,0,0,6.3,25723.941
2022-09-04,5015.92,1708288,82.02,5908,1515.57,94497,0,0,19.21,2214,1431.92,187627,11079.22,1566382,396.35,123910,95716.28,415.56,126124,0,0,0,0,6.6,25723.941
2022-09-11,4834.46,1337688,96.78,5933,1501.52,95709,0,0,18.35,2088,1325.03,157250,10047.27,1274661,380.46,139956,96356.68,398.81,142044,0,0,0,0,6.6,25723.941
2022-09-18,3806.78,1047578,122.26,4353,940.73,61300,0,0,188.68,148971,1105.53,126482,6696.95,1296652,257.17,92646,78088.36,445.85,241617,0,0,0,0,6.6,25723.941
2022-09-25,2677.36,1036015,31,1194,203.2,8244,0,0,249.38,198840,330.11,28834,2940.74,1125172,34.81,7621,42186.75,284.19,206461,0,0,0,0,6.6,26137.992
2022-10-02,3779.13,1653078,155.77,4814,632.49,43788,0,0,242.26,157019,685.2,61354,5387.87,1425619,238.19,78373,64524.67,480.45,235392,0,0,0,0,6.3,26137.992
2022-10-09,5312.02,1984016,175.43,5014,1060.32,81338,0,0,210.02,391621,1174.1,91727,7272.04,1669955,286.07,117156,74452.65,496.09,508777,0,0,0,0,6.3,26137.992
2022-10-16,4464.47,1607938,98,5406,1020.22,105580,0,0,177.67,106198,1290.81,117247,7752.13,1700271,248.49,102699,81683.3,426.16,208897,0,0,0,0,6.3,26137.992
2022-10-23,3559.41,1507142,52.75,3061,851.63,64738,0,0,196.85,98921,1291.88,119941,7776.11,1808576,265.53,116255,77865.46,462.38,215176,0,0,0,0,6.3,26137.992
2022-10-30,4049.64,1459939,50.48,1351,700.79,31001,0,0,181.33,101647,1361.43,116129,7618.18,1473468,310.12,111732,80522.8,491.45,213379,0,0,0,0,6.3,26137.992
2022-11-06,5409.65,1857927,34.21,1413,575.98,25855,0,0,43.3,31930,1219.86,115219,5549.95,920604,288.93,93253,76149.2,332.23,125183,0,0,0,0,6,26137.992
2022-11-13,4649.92,1924032,36.73,1657,272.98,13055,0,0,0,0,1235.08,115582,3871.13,518228,287.07,109187,72237.43,287.07,109187,0,0,0,0,6,26137.992
2022-11-20,3543.29,1327018,46.22,1432,619.62,24644,0,0,0,0,1139.33,89005,4648.43,507424,255.51,103789,68957.55,255.51,103789,0,0,0,0,6,26137.992
2022-11-27,2725.05,1005730,28.5,910,606.92,30649,0,0,4,167,1218.47,75990,5525.68,713164,296.8,139079,69932.38,300.8,139246,0,0,0,0,6,26137.992
2022-12-04,3383.97,1320128,15.48,875,311.03,19758,0,0,0,0,824.89,60083,3698.65,518018,270.27,125783,67218.8,270.27,125783,0,0,0,0,5.7,26137.992
2022-12-11,2895,1190967,6.82,692,209.28,14667,0,0,0,0,676.05,49240,2239.87,256383,185.75,78687,55854.92,185.75,78687,0,0,0,0,5.7,26137.992
2022-12-18,2737.26,882431,6.3,569,211.32,15123,0,0,0,0,565.08,45082,2056.61,225214,184.02,83153,47125.8,184.02,83153,0,0,0,0,5.7,26137.992
2022-12-25,1565.9,578677,12.12,721,209.29,11039,0,0,0,0,551.59,57765,3349.49,384723,180.65,68863,57962.33,180.65,68863,0,0,0,0,5.7,26137.992
2023-01-01,2727.21,1225096,0,0,0,0,0,0,0,0,0,0,0,0,0,0,17983.44,0,0,0,0,0,0,0,0
2023-01-08,5743.85,2159579,0,0,0,0,0,0,0,0,0,0,0,0,0,0,28086.11,0,0,0,0,0,0,0,0
2023-01-15,6395.5,1825231,0,0,0,0,0,0,0,0,0,0,0,0,0,0,32302.2,0,0,0,0,0,0,0,0
2023-01-22,4194.49,1202898,0,0,0,0,0,0,0,0,0,0,0,0,0,0,30241.66,0,0,0,0,0,0,0,0
2023-01-29,4822.26,1423204,0,0,0,0,0,0,0,0,0,0,0,0,0,0,30011.26,0,0,0,0,0,0,0,0
2023-02-05,6231.69,2047153,0,0,0,0,0,0,0,0,0,0,0,0,0,0,27070.99,0,0,0,0,0,0,0,0
2023-02-12,6092.03,1851905,0,0,0,0,0,0,0,0,0,0,0,0,0,0,30726.13,0,0,0,0,0,0,0,0
2023-02-19,5202.96,1985213,0,0,0,0,0,0,0,0,0,0,0,0,0,0,28360.07,0,0,0,0,0,0,0,0
2023-02-26,2203.77,703040,0,0,0,0,0,0,0,0,0,0,0,0,0,0,8751.27,0,0,0,0,0,0,0,0
2023-03-05,5145.94,1532355,0,0,0,0,0,0,0,0,0,0,0,0,0,0,7312.86,0,0,0,0,0,0,0,0
,42909,15199609,899,38447,9002,612050,0,0,1527,1239449,11216,1121810,72120,14261360,2706,983601,,,,,,,,,
